id,user_id,user_login,user_name,game_id,game_name,type,title,viewer_count,started_at,language,thumbnail_url,tag_ids,is_mature,follow_count,total_views
45081960332,31919607,elxokas,elxokas,509658,Just Chatting,live,HE VUELTO,142778,2022-03-28T15:06:48Z,es,https://static-cdn.jtvnw.net/previews-ttv/live_user_elxokas-{width}x{height}.jpg,['d4bb9c58-2141-4881-bcdc-3fe0505457d1'],FALSE,2852730,90672528
40666888779,238813810,eliasn97,eliasn97,33214,Fortnite,live,TAG 2 - 20.000$ Eli x Amar Trio Cup SPECIAL | !eligella,45913,2022-03-28T15:02:56Z,de,https://static-cdn.jtvnw.net/previews-ttv/live_user_eliasn97-{width}x{height}.jpg,['9166ad14-41f1-4b04-a3b8-c8eb838c6be6'],FALSE,909374,21533444
45081650860,59299632,adinross,AdinRoss,498566,Slots,live,SECRET,32976,2022-03-28T14:17:19Z,en,https://static-cdn.jtvnw.net/previews-ttv/live_user_adinross-{width}x{height}.jpg,['6ea6bca4-4712-4ab9-a906-e3336a9d8039'],FALSE,5813827,50546346
39607262585,21841789,nmplol,Nmplol,509658,Just Chatting,live,DEO in OTK lets GOOOO!,27816,2022-03-28T13:00:27Z,en,https://static-cdn.jtvnw.net/previews-ttv/live_user_nmplol-{width}x{height}.jpg,"['6ea6bca4-4712-4ab9-a906-e3336a9d8039', 'c1ea4496-4418-4a4f-bc30-083cfc6a616b', '75057f79-cad6-4934-b129-67b1ea64e835', '481ba9ce-8101-4a42-b026-b6aa200fdd8c', 'd5501bf8-6e6d-4242-9642-cdedcb684859']",FALSE,973098,53511329
45995942013,49207184,fps_shaka,fps_shaka,21779,League of Legends,live,‰Ωø„Åà„Çã„Ç≠„É£„É©Â¢ó„ÇÑ„Åù„ÅÜ,22881,2022-03-28T12:10:13Z,ja,https://static-cdn.jtvnw.net/previews-ttv/live_user_fps_shaka-{width}x{height}.jpg,"['6ba1d230-e52f-4d81-b1e0-41f25a8a9f5d', 'eaba0ad7-c4e1-4878-b37f-01308dbb65c8']",FALSE,794452,131787159
45994963757,50988750,stylishnoob4,stylishnoob4,516575,VALORANT,live,‰πÖ„Åó„Å∂„Çä„Å´„ÇÑ„ÇãÊ∞ó„Åå„Åô„Çã„É¥„Ç°„É≠,21087,2022-03-28T08:01:56Z,ja,https://static-cdn.jtvnw.net/previews-ttv/live_user_stylishnoob4-{width}x{height}.jpg,['6ba1d230-e52f-4d81-b1e0-41f25a8a9f5d'],FALSE,785891,126163435
45081313372,60056333,tfue,Tfue,33214,Fortnite,live,TRIO TFAULT SCRIMS !DISCORD,20360,2022-03-28T13:13:55Z,en,https://static-cdn.jtvnw.net/previews-ttv/live_user_tfue-{width}x{height}.jpg,['6ea6bca4-4712-4ab9-a906-e3336a9d8039'],FALSE,10907465,307733951
45081812060,65171890,rainbow6,Rainbow6,460630,Tom Clancy's Rainbow Six Siege,live,Preshow // European League 2022 - Stage 1 - Playday #1,20141,2022-03-28T14:45:18Z,en,https://static-cdn.jtvnw.net/previews-ttv/live_user_rainbow6-{width}x{height}.jpg,"['36a89a80-4fcd-4b74-b3d2-2c6fd9b30c95', '6ea6bca4-4712-4ab9-a906-e3336a9d8039', 'c2542d6d-cd10-4532-919b-3d19f30a768b']",TRUE,2270006,112159562
45995845661,139470326,handongsuk,ÌïúÎèôÏàô,25367,Dungeon Fighter Online,live,Îçò,19012,2022-03-28T11:54:02Z,ko,https://static-cdn.jtvnw.net/previews-ttv/live_user_handongsuk-{width}x{height}.jpg,['ab2975e3-b9ca-4b1a-a93e-fb61a5d5c3a4'],FALSE,485143,137358950
39607171913,26610234,cohhcarnage,CohhCarnage,1318043161,Tiny Tina's Wonderlands,live,Tiny Tina's Wonderlands! - Creator Code: COHH (#EpicPartner) - !TinyTinaThoughts - Weird West SOON‚Ñ¢ - !StudioTour - !PC,17381,2022-03-28T11:50:05Z,en,https://static-cdn.jtvnw.net/previews-ttv/live_user_cohhcarnage-{width}x{height}.jpg,"['6ea6bca4-4712-4ab9-a906-e3336a9d8039', '1277e554-f8c9-4795-a475-27418d7bd111', 'eaba0ad7-c4e1-4878-b37f-01308dbb65c8', '96b6073f-450d-4248-8ed4-988e28f3f759', '7e329e2d-60a1-4a87-9e59-41272c57ab42']",FALSE,1434145,221059353
45994925613,268731435,cct_en,CCT_EN,32399,Counter-Strike: Global Offensive,live,[EN] Vitality vs SKADE | Quarter-final | Pinnacle Cup #3 | @RelogMedia @csgo_cc,17159,2022-03-28T07:51:24Z,en,https://static-cdn.jtvnw.net/previews-ttv/live_user_cct_en-{width}x{height}.jpg,"['36a89a80-4fcd-4b74-b3d2-2c6fd9b30c95', '6ea6bca4-4712-4ab9-a906-e3336a9d8039']",FALSE,246765,40520229
45995664381,49045679,woowakgood,Ïö∞ÏôÅÍµ≥,509658,Just Chatting,live,ÏõîÏöîÏùºÏä§ÎüΩÍ≤å,16572,2022-03-28T11:14:30Z,ko,https://static-cdn.jtvnw.net/previews-ttv/live_user_woowakgood-{width}x{height}.jpg,['ab2975e3-b9ca-4b1a-a93e-fb61a5d5c3a4'],FALSE,819256,84213394
45995676157,103825127,hanryang1125,ÌíçÏõîÎüâ,1311010677,Planet Crafter,live,ÌôîÏÑ± ÌÖåÎùºÌè¨Î∞çÌïòÎäî Í≤åÏûÑ        The Planet Crafter     ÌíçÏõîÎüâ,16320,2022-03-28T11:17:16Z,ko,https://static-cdn.jtvnw.net/previews-ttv/live_user_hanryang1125-{width}x{height}.jpg,['ab2975e3-b9ca-4b1a-a93e-fb61a5d5c3a4'],FALSE,577723,156286726
45081555692,108268890,gorgc,Gorgc,29595,Dota 2,live,üî¥hmmüî¥,16225,2022-03-28T14:00:35Z,en,https://static-cdn.jtvnw.net/previews-ttv/live_user_gorgc-{width}x{height}.jpg,['6ea6bca4-4712-4ab9-a906-e3336a9d8039'],TRUE,555087,82144845
45996108781,103268673,gmhikaru,GMHikaru,743,Chess,live,Candidates Spot Decided TODAY??? Grand Prix Group FINALS! | !today !candidates !hosts,15844,2022-03-28T12:41:52Z,en,https://static-cdn.jtvnw.net/previews-ttv/live_user_gmhikaru-{width}x{height}.jpg,"['6ea6bca4-4712-4ab9-a906-e3336a9d8039', 'e90b5f6e-4c6e-4003-885b-4d0d5adeb580']",FALSE,1415660,170024716
45994280013,45098797,cdawgva,CDawgVA,512953,Elden Ring,live,BIG SWORD MAN HERE | !deaths !backseating,15146,2022-03-28T05:13:53Z,en,https://static-cdn.jtvnw.net/previews-ttv/live_user_cdawgva-{width}x{height}.jpg,['6ea6bca4-4712-4ab9-a906-e3336a9d8039'],FALSE,680573,8771741
40666639403,26921830,elajjaz,Elajjaz,512953,Elden Ring,live,"Elden Ring, All Remembrance Speedruns for sub 1:55 (melee route) | !Displate @Elajjaz Twitter/Instagram",15074,2022-03-28T13:14:38Z,en,https://static-cdn.jtvnw.net/previews-ttv/live_user_elajjaz-{width}x{height}.jpg,['6ea6bca4-4712-4ab9-a906-e3336a9d8039'],FALSE,426829,69297184
45080404668,50597026,ponce,Ponce,338715930,Maitre des Fleurs,live,PONCE - Culture & Plaisir !mdf [HotWheels apr√®s la game ! !ZLAN] | !rs !boutique,14764,2022-03-28T08:43:52Z,fr,https://static-cdn.jtvnw.net/previews-ttv/live_user_ponce-{width}x{height}.jpg,"['6f655045-9989-4ef7-8f85-1edcec42d648', 'c2839af5-f1d2-46c4-8edc-1d0bfbd85070']",FALSE,707804,58868155
45996062237,85397463,noway4u_sir,NoWay4u_Sir,21779,League of Legends,live,Challengersoloq,14446,2022-03-28T12:33:08Z,de,https://static-cdn.jtvnw.net/previews-ttv/live_user_noway4u_sir-{width}x{height}.jpg,['9166ad14-41f1-4b04-a3b8-c8eb838c6be6'],FALSE,524288,99467095
45081405132,26991127,hiko,Hiko,516575,VALORANT,live,100T Hiko | case of the mondays | @Hiko on Twitter.,14416,2022-03-28T13:31:57Z,en,https://static-cdn.jtvnw.net/previews-ttv/live_user_hiko-{width}x{height}.jpg,['6ea6bca4-4712-4ab9-a906-e3336a9d8039'],FALSE,1681987,68994973
45996947149,52091823,castro_1021,Castro_1021,1869092879,FIFA 22,live,BREAKING NEWS.   | @Castro1021,14037,2022-03-28T14:58:29Z,en,https://static-cdn.jtvnw.net/previews-ttv/live_user_castro_1021-{width}x{height}.jpg,['6ea6bca4-4712-4ab9-a906-e3336a9d8039'],FALSE,3483642,135851354
45996065533,7601562,chess,Chess,743,Chess,live,FIDE Grand Prix - Leg 3 (Group Stage) - Berlin | Hosts Hess and Tsatsalashvili,13176,2022-03-28T12:33:42Z,en,https://static-cdn.jtvnw.net/previews-ttv/live_user_chess-{width}x{height}.jpg,"['36a89a80-4fcd-4b74-b3d2-2c6fd9b30c95', '6ea6bca4-4712-4ab9-a906-e3336a9d8039']",FALSE,780729,343419282
45995188845,31114208,zealsambitions,ZealsAmbitions,490100,Lost Ark,live,BIG STREAM - THANKS FOR 200K!! no megashield~~ #1 GS/WD/BLADE !BUILDS,11474,2022-03-28T09:09:35Z,en,https://static-cdn.jtvnw.net/previews-ttv/live_user_zealsambitions-{width}x{height}.jpg,"['6ea6bca4-4712-4ab9-a906-e3336a9d8039', '0cf86924-7940-4e8c-8984-5fbaaca4cd2d']",FALSE,199925,3544233
40666817915,579785040,biyin_,biyin_,509658,Just Chatting,live,PUES VAYA 2022,10953,2022-03-28T14:30:36Z,es,https://static-cdn.jtvnw.net/previews-ttv/live_user_biyin_-{width}x{height}.jpg,['d4bb9c58-2141-4881-bcdc-3fe0505457d1'],FALSE,2471887,27860732
45995697069,25116812,sacy,sacy,516575,VALORANT,live,LOUD SACY - oi islandia (15S DELAY) - !regras !camp !youtube !video !pix,10566,2022-03-28T11:22:04Z,pt,https://static-cdn.jtvnw.net/previews-ttv/live_user_sacy-{width}x{height}.jpg,"['1eba3cfe-51cc-460a-8259-bc8bb987f904', '39ee8140-901a-4762-bfca-8260dea1310f']",TRUE,425284,17145991
40666313643,219069796,jackeyy,Jackeyy,32982,Grand Theft Auto V,live,‡∏á‡∏á‡∏ô‡∏¥‡∏î‡∏´‡∏ô‡πà‡∏≠‡∏¢‡πÅ‡∏ï‡πà‡πÑ‡∏°‡πà‡πÄ‡∏Ç‡πâ‡∏≤‡πÉ‡∏à‡∏°‡∏≤‡∏Å‡πÜ,10422,2022-03-28T10:39:10Z,th,https://static-cdn.jtvnw.net/previews-ttv/live_user_jackeyy-{width}x{height}.jpg,"['f19c7524-c18d-41af-9f39-034c8d0b0fee', 'c2839af5-f1d2-46c4-8edc-1d0bfbd85070']",FALSE,217799,9528171
45081848444,71588578,therealknossi,TheRealKnossi,509658,Just Chatting,live,Mundstuhl hat sich gemeldet! Community Kassenlink >>> !amazon,10128,2022-03-28T14:51:03Z,de,https://static-cdn.jtvnw.net/previews-ttv/live_user_therealknossi-{width}x{height}.jpg,['9166ad14-41f1-4b04-a3b8-c8eb838c6be6'],TRUE,1945834,68111738
45081595388,263748648,akyuliych,akyuliych,509658,Just Chatting,live,–ú–ê–ú–ê –ù–ê–†–Ø–î–ò–õ–ê–°–¨ –ù–ê –î–† –ú–£–ñ–ê! –ò –ü–û–Å–¢ –ö–ê–†–ê–û–ö–ï,10064,2022-03-28T14:07:12Z,ru,https://static-cdn.jtvnw.net/previews-ttv/live_user_akyuliych-{width}x{height}.jpg,['0569b171-2a2b-476e-a596-5bdfb45a1327'],FALSE,347653,4949634
45996578077,26779624,relaxing234,relaxing234,21779,League of Legends,live,„Äê Stanley „Äë3/28  ÁÑ°ÊÉÖÂ≠§ÂÖí  ÊôöÈªûÂíåÁâπËÄÅÈóÜÁµïÂëΩ,9293,2022-03-28T13:59:19Z,zh,https://static-cdn.jtvnw.net/previews-ttv/live_user_relaxing234-{width}x{height}.jpg,['74c92063-a389-4fd2-8460-b1bb82b04ec7'],FALSE,434848,54341192
45081892620,93869876,thebausffs,Thebausffs,21779,League of Legends,live,FRICK!,8978,2022-03-28T14:57:46Z,en,https://static-cdn.jtvnw.net/previews-ttv/live_user_thebausffs-{width}x{height}.jpg,['6ea6bca4-4712-4ab9-a906-e3336a9d8039'],FALSE,544639,19045609
40666754299,56649026,quin69,Quin69,509658,Just Chatting,live,chatting + coffee then -> LEAGUE OF LEGENDS REDEMPTION ARC ~ ROAD FROM IRON TO DIAMOND.,8935,2022-03-28T14:02:34Z,en,https://static-cdn.jtvnw.net/previews-ttv/live_user_quin69-{width}x{height}.jpg,"['6ea6bca4-4712-4ab9-a906-e3336a9d8039', 'd0976a7e-26a7-4a48-9225-c522808540f2', '69318d09-f132-4853-b4b6-09a0580f7092', 'c3d08be0-01cd-45e2-b86a-1e09532084c1', '40323303-665a-4182-9554-f48006ce93d9']",FALSE,666964,111629704
45082020028,47966045,by_owl,by_Owl,509658,Just Chatting,live,–æ —Ç–æ–º –æ —Å—ë–º ü§£ü§£ü§£ü§£,8538,2022-03-28T15:15:35Z,ru,https://static-cdn.jtvnw.net/previews-ttv/live_user_by_owl-{width}x{height}.jpg,['0569b171-2a2b-476e-a596-5bdfb45a1327'],FALSE,380427,19202181
45997071949,132004305,darumaisgod,„Å†„Çã„Åæ„ÅÑ„Åö„Åî„Å£„Å©,21779,League of Legends,live,ËÖ´„ÇåÁâ©„Ç´„Çπ„Çø„É†,8511,2022-03-28T15:16:54Z,ja,https://static-cdn.jtvnw.net/previews-ttv/live_user_darumaisgod-{width}x{height}.jpg,['6ba1d230-e52f-4d81-b1e0-41f25a8a9f5d'],FALSE,212547,2157154
45996560541,264984080,abugoku9999,abugoku9999,32982,Grand Theft Auto V,live,[IMMORTAL] BITCOIN RP !WATERDROP !NORDVPN !DISPLATE,8478,2022-03-28T13:56:46Z,de,https://static-cdn.jtvnw.net/previews-ttv/live_user_abugoku9999-{width}x{height}.jpg,"['9166ad14-41f1-4b04-a3b8-c8eb838c6be6', '06ab147d-91b6-4c7f-83e4-2b337d2780d5', '0cb7e377-a308-44e8-91f7-07eea1d96129']",FALSE,211906,6572009
45996566365,36138196,alexelcapo,alexelcapo,1318043161,Tiny Tina's Wonderlands,live,Cafe y Tiny Tina's Wonderlads patrocinado #ad,8300,2022-03-28T13:57:39Z,es,https://static-cdn.jtvnw.net/previews-ttv/live_user_alexelcapo-{width}x{height}.jpg,['d4bb9c58-2141-4881-bcdc-3fe0505457d1'],FALSE,954002,78918561
39607315129,96308352,vysotzky,vysotzky,21779,League of Legends,live,"tragedia LPkowa, czas zmian",8292,2022-03-28T13:36:33Z,pl,https://static-cdn.jtvnw.net/previews-ttv/live_user_vysotzky-{width}x{height}.jpg,['f9d04efa-6e25-49bf-bf0a-da3e2addaf1b'],FALSE,238361,8499139
45995648653,148057505,tmxk319,Í¥¥Î¨ºÏ•ê123,21779,League of Legends,live,ÎßàÏä§ÌÑ∞ Í∞ÄÏûê,8243,2022-03-28T11:10:57Z,ko,https://static-cdn.jtvnw.net/previews-ttv/live_user_tmxk319-{width}x{height}.jpg,['ab2975e3-b9ca-4b1a-a93e-fb61a5d5c3a4'],FALSE,772304,55088317
45071285916,121649330,method,Method,18122,World of Warcraft,live,üî¥METHOD Race to World First | !partners !casters !kill,8231,2022-03-27T08:02:30Z,en,https://static-cdn.jtvnw.net/previews-ttv/live_user_method-{width}x{height}.jpg,"['7cefbf30-4c3e-4aa7-99cd-70aabb662f27', 'b13ce7d5-d513-49ff-a957-76f193df42aa', '6ea6bca4-4712-4ab9-a906-e3336a9d8039']",FALSE,376253,77602845
45995379613,149282352,moonmermaid,MoonMermaid,493959,Red Dead Redemption 2,live,üçÄ24er - in den Geburtstag reinfeiern üçÄ  |  ‚ô•  [LooneyLoops] | !JL !EMP  #ad,7919,2022-03-28T10:05:00Z,de,https://static-cdn.jtvnw.net/previews-ttv/live_user_moonmermaid-{width}x{height}.jpg,"['325f7a22-26f4-4ad7-be48-f464de0b89ce', '0cb7e377-a308-44e8-91f7-07eea1d96129', '85d2fb8f-7257-4e08-8065-6161fa3029fa', '938fcad2-4d77-4a06-9e49-b75b0879b645', '8bbdb07d-df18-4f82-a928-04a9003e9a7e', '9166ad14-41f1-4b04-a3b8-c8eb838c6be6']",TRUE,35924,9278388
45081026588,39154778,recrent,Recrent,493057,PUBG: BATTLEGROUNDS,live,duo PUBG /w C_a_k_e,7863,2022-03-28T12:11:14Z,ru,https://static-cdn.jtvnw.net/previews-ttv/live_user_recrent-{width}x{height}.jpg,"['c2542d6d-cd10-4532-919b-3d19f30a768b', '0569b171-2a2b-476e-a596-5bdfb45a1327']",FALSE,701424,72081745
45995790765,10985633,spygea,SPYGEA,511224,Apex Legends,live,„Ç®„Éö„ÇÑ„Çã„Åû,7835,2022-03-28T11:42:23Z,ja,https://static-cdn.jtvnw.net/previews-ttv/live_user_spygea-{width}x{height}.jpg,['6ba1d230-e52f-4d81-b1e0-41f25a8a9f5d'],FALSE,493688,60753974
39607188841,115141884,grpzdc,GRPZDC,515214,Politics,live,–ë–∞–∑–∞ ,7513,2022-03-28T12:03:39Z,ru,https://static-cdn.jtvnw.net/previews-ttv/live_user_grpzdc-{width}x{height}.jpg,"['0569b171-2a2b-476e-a596-5bdfb45a1327', '08ce797c-fad2-44d0-8c90-05a99ed95339', 'ee1daaae-116a-44d6-9f40-09322caf3181', 'e57c1bca-b46d-409b-a09f-2919dace5b72', '3d5c81dd-c48c-4e21-90d3-6bdcf365709c', '6fd5b307-df1b-414c-baa3-634cc6ca6940']",TRUE,65722,4417054
45995316221,59965916,rdulive,RduLIVE,138585,Hearthstone,live,Top10 EU Chillin' on NA !Firestone,7452,2022-03-28T09:48:35Z,en,https://static-cdn.jtvnw.net/previews-ttv/live_user_rdulive-{width}x{height}.jpg,['6ea6bca4-4712-4ab9-a906-e3336a9d8039'],FALSE,289990,33055842
45996492909,47071880,yoda,YoDa,21779,League of Legends,live,LEAGUE/LOST ARK PVP,7279,2022-03-28T13:45:05Z,pt,https://static-cdn.jtvnw.net/previews-ttv/live_user_yoda-{width}x{height}.jpg,['39ee8140-901a-4762-bfca-8260dea1310f'],TRUE,2250936,245993702
45997031421,44525650,k4sen,k4sen,21779,League of Legends,live,„ÇÅ„Å£„Å°„ÇÉÈ´ò„É©„É≥„ÇØLoL„Ç´„Çπ„Çø„É†„Å´„Å™„Å£„Å°„ÇÉ„Å£„Åü,7206,2022-03-28T15:10:32Z,ja,https://static-cdn.jtvnw.net/previews-ttv/live_user_k4sen-{width}x{height}.jpg,['6ba1d230-e52f-4d81-b1e0-41f25a8a9f5d'],FALSE,251299,9076518
40666781003,475206149,superbuss_,SuperBusS_,516575,VALORANT,live,The King is back boys!,7178,2022-03-28T14:13:39Z,th,https://static-cdn.jtvnw.net/previews-ttv/live_user_superbuss_-{width}x{height}.jpg,['f19c7524-c18d-41af-9f39-034c8d0b0fee'],FALSE,158342,6610832
45997171629,195641865,viichan6,ÎπÑÏ±§_,496321134,Kirby and the Forgotten Land,live,ÌÉúÏñ¥ÎÇòÏÑú Ï≤òÏùå Ïª§ÎπÑÌï¥Î≥¥Îäî ÏÇ¨Îûå,6890,2022-03-28T15:33:01Z,ko,https://static-cdn.jtvnw.net/previews-ttv/live_user_viichan6-{width}x{height}.jpg,"['52d7e4cc-633d-46f5-818c-bb59102d9549', 'ab2975e3-b9ca-4b1a-a93e-fb61a5d5c3a4']",FALSE,115973,4573689
45081626828,614462258,cct_ru,CCT_RU,32399,Counter-Strike: Global Offensive,live,[RU] Vitality vs SKADE | Quarter-final | Pinnacle Cup III | by Faaalc,6799,2022-03-28T14:12:49Z,ru,https://static-cdn.jtvnw.net/previews-ttv/live_user_cct_ru-{width}x{height}.jpg,['0569b171-2a2b-476e-a596-5bdfb45a1327'],FALSE,115962,14696892
45080392492,30623831,quickybaby,QuickyBaby,27546,World of Tanks,live,üéÅ*NEW* !DROPSüéÅ 12 HOUR STREAM - 20 x Unlocked !PollTanks at 19:00 - 28/03/2022,6718,2022-03-28T08:38:30Z,en,https://static-cdn.jtvnw.net/previews-ttv/live_user_quickybaby-{width}x{height}.jpg,"['6ea6bca4-4712-4ab9-a906-e3336a9d8039', 'c2542d6d-cd10-4532-919b-3d19f30a768b']",FALSE,486256,52389071
40666459899,84539108,nisqyy,Nisqyy,21779,League of Legends,live,SOLOQ CHALLENGER 1339 LP (!video),6551,2022-03-28T11:56:28Z,fr,https://static-cdn.jtvnw.net/previews-ttv/live_user_nisqyy-{width}x{height}.jpg,['6f655045-9989-4ef7-8f85-1edcec42d648'],FALSE,239955,6232037
40666861851,25684280,underground_dv,ÈÅîÂì•,512953,Elden Ring,live,22/3/28 Elden Ring TAT GOR,6307,2022-03-28T14:51:03Z,zh,https://static-cdn.jtvnw.net/previews-ttv/live_user_underground_dv-{width}x{height}.jpg,"['74c92063-a389-4fd2-8460-b1bb82b04ec7', 'e659959d-392f-44c5-83a5-fb959cdbaccc']",FALSE,155615,46912750
45995999069,455679396,woohankyung,ÌïúÍ∞±,488552,Overwatch,live,Ïó≠Î≥ëÏùò Ïú†Îùº ‚öí,6283,2022-03-28T12:21:33Z,ko,https://static-cdn.jtvnw.net/previews-ttv/live_user_woohankyung-{width}x{height}.jpg,"['9f1b01a8-87b9-4e25-94de-8705c1c1f4dc', '2ffd5c3e-b927-4749-ba53-79d3b626b2da', 'ab2975e3-b9ca-4b1a-a93e-fb61a5d5c3a4']",FALSE,292222,18813142
40666627643,99422402,agustin51,agustin51,33214,Fortnite,live,"Un d√≠a m√°s, la misma mierda üòéü§†",6270,2022-03-28T13:09:52Z,es,https://static-cdn.jtvnw.net/previews-ttv/live_user_agustin51-{width}x{height}.jpg,['d4bb9c58-2141-4881-bcdc-3fe0505457d1'],FALSE,297504,2120819
45994955149,102845970,kimdoe,ÍπÄÎèÑ,512708,Mahjong Soul,live,Ïù¥ÌÉùÍ∏∞ ~ÏùÄÌÉÅÏóê Ï∂§Ï∂îÎìØ ÎÇ¥Î†§Ïò® Ï≤úÏû¨~,6214,2022-03-28T08:00:01Z,ko,https://static-cdn.jtvnw.net/previews-ttv/live_user_kimdoe-{width}x{height}.jpg,['ab2975e3-b9ca-4b1a-a93e-fb61a5d5c3a4'],TRUE,315648,66755824
45996395677,29518572,mobilmobil,ËÄÅÁöÆ,498210,Dragon Quest Builders 2,live,„ÄêËÄÅÁöÆ„ÄëÂ•ΩÂøô,6084,2022-03-28T13:28:46Z,zh,https://static-cdn.jtvnw.net/previews-ttv/live_user_mobilmobil-{width}x{height}.jpg,['74c92063-a389-4fd2-8460-b1bb82b04ec7'],TRUE,500737,136595181
39607205081,69616738,xth0rek,xth0rek,32982,Grand Theft Auto V,live,N OOOO WY JESTER  | bilety !premiera | [SUB 4z≈Ç !prime] !gvo !dc !zbi√≥rka,6040,2022-03-28T12:16:37Z,pl,https://static-cdn.jtvnw.net/previews-ttv/live_user_xth0rek-{width}x{height}.jpg,['f9d04efa-6e25-49bf-bf0a-da3e2addaf1b'],FALSE,234562,15157445
45985227533,181077473,gaules,Gaules,32399,Counter-Strike: Global Offensive,live,Rerun: Imperial Campe√£ da Europa! - Siga @Gaules nas redes sociais,6005,2022-03-27T11:03:54Z,pt,https://static-cdn.jtvnw.net/previews-ttv/live_user_gaules-{width}x{height}.jpg,['39ee8140-901a-4762-bfca-8260dea1310f'],TRUE,3352628,397322153
45995765629,31688366,symfuhny,Symfuhny,512710,Call of Duty: Warzone,live,WARZONE BEST GAME EVER OMG NO WAY POG POG!,5820,2022-03-28T11:36:48Z,en,https://static-cdn.jtvnw.net/previews-ttv/live_user_symfuhny-{width}x{height}.jpg,['6ea6bca4-4712-4ab9-a906-e3336a9d8039'],TRUE,3549913,91663025
45996196445,102381201,ddahyoni,Îî∞Ìö®Îãà,66082,Games + Demos,live,Ïú†ÌäúÎ∏å Í¥ëÍ≥†ÎÇòÏò§Îäî Ìè∞Í≤ú Ìï¥Î≥¥Í∏∞,5724,2022-03-28T12:57:32Z,ko,https://static-cdn.jtvnw.net/previews-ttv/live_user_ddahyoni-{width}x{height}.jpg,['ab2975e3-b9ca-4b1a-a93e-fb61a5d5c3a4'],FALSE,356449,80764129
45996975597,133528221,axozer,aXoZer,509658,Just Chatting,live,MUNDO PIXELMON DIA 2 + DYING LIGHT 2 PARKOUR,5598,2022-03-28T15:02:02Z,es,https://static-cdn.jtvnw.net/previews-ttv/live_user_axozer-{width}x{height}.jpg,['d4bb9c58-2141-4881-bcdc-3fe0505457d1'],FALSE,1775195,27486276
45995592125,77573531,liminhag0d,liminhag0d,461449,Cities: Skylines,live,RIO DE LIMOEIRO,5387,2022-03-28T10:59:56Z,pt,https://static-cdn.jtvnw.net/previews-ttv/live_user_liminhag0d-{width}x{height}.jpg,['39ee8140-901a-4762-bfca-8260dea1310f'],TRUE,524526,24819990
45081890988,535682849,dwjft,dwjft,32982,Grand Theft Auto V,live,Dean Watson | nopixel wl | development | !current,5326,2022-03-28T14:57:30Z,en,https://static-cdn.jtvnw.net/previews-ttv/live_user_dwjft-{width}x{height}.jpg,['6ea6bca4-4712-4ab9-a906-e3336a9d8039'],TRUE,243180,9921226
45081869996,124403155,juliettearz,JulietteArz,511224,Apex Legends,live,On d√©couvre la nouvelle l√©gende Marvel !Morbius en jouant √† Apex ! #ad,5317,2022-03-28T14:54:33Z,fr,https://static-cdn.jtvnw.net/previews-ttv/live_user_juliettearz-{width}x{height}.jpg,['6f655045-9989-4ef7-8f85-1edcec42d648'],FALSE,277792,11757998
45996484205,23844396,teepee,TeePee,512710,Call of Duty: Warzone,live,"Happy Monday! | !factor | 5.58 KD, 38% Win Rate, 550+ Caldera Wins | Code TEEP in COD Store #CODpartner | !guns | !tips |",5282,2022-03-28T13:43:40Z,en,https://static-cdn.jtvnw.net/previews-ttv/live_user_teepee-{width}x{height}.jpg,['6ea6bca4-4712-4ab9-a906-e3336a9d8039'],TRUE,830828,48964754
45080992428,16064695,dhalucard,Dhalucard,500188,Hunt: Showdown,live,[GER 18+ / Tag 598] Hunt Showdown mit Juli und Trilluxe // 18' - Tiny Tinas Wonderland // 21' - Rustplatz Season 3 Talk [#Dauerwerbesendung],5274,2022-03-28T12:03:15Z,de,https://static-cdn.jtvnw.net/previews-ttv/live_user_dhalucard-{width}x{height}.jpg,['9166ad14-41f1-4b04-a3b8-c8eb838c6be6'],TRUE,475969,42727383
45995613341,166079347,obm1025,Ïò§ÌÇπ,21779,League of Legends,live,Ìîå7(ÏßÑ) ÌÉúÏÉùÏùÄ ÌîåÎ†àÏ¢ÖÏûê,5260,2022-03-28T11:03:12Z,ko,https://static-cdn.jtvnw.net/previews-ttv/live_user_obm1025-{width}x{height}.jpg,['ab2975e3-b9ca-4b1a-a93e-fb61a5d5c3a4'],TRUE,689916,30864880
45995620333,48731544,ses836,Ïù∏Í∞ÑÏ†§Î¶¨,1119642287,Yu-Gi-Oh! Master Duel,live,Ïù∏Í∞ÑÏ†§Î¶¨ Ïú†Ìù¨ÏôïON Îß§ÏßÅÏΩ§Î≥¥ Í∞ëÎãàÎã§.,5234,2022-03-28T11:04:43Z,ko,https://static-cdn.jtvnw.net/previews-ttv/live_user_ses836-{width}x{height}.jpg,['ab2975e3-b9ca-4b1a-a93e-fb61a5d5c3a4'],FALSE,169561,30688599
45081366380,155642616,jrokezftw,JrokezFTW,370345,SpeedRunners,live,Hayallerim Paris dƒ±rƒ±dƒ±dƒ±tdƒ±dƒ±ƒ± - insta:jrokez - !trendyol,5202,2022-03-28T13:24:28Z,tr,https://static-cdn.jtvnw.net/previews-ttv/live_user_jrokezftw-{width}x{height}.jpg,['f08d5873-f0c7-4912-94ba-a41933b4c141'],TRUE,598586,31269568
45080734524,126778132,winline_d2cl,winline_d2cl,29595,Dota 2,live,Gambit Esports 2 - 0 Cybercats | BO3 | Winline Dota 2 Champions League Season 8 | by EZH1K & Lost,5197,2022-03-28T10:49:12Z,ru,https://static-cdn.jtvnw.net/previews-ttv/live_user_winline_d2cl-{width}x{height}.jpg,"['36a89a80-4fcd-4b74-b3d2-2c6fd9b30c95', '0569b171-2a2b-476e-a596-5bdfb45a1327']",FALSE,243093,45504200
45081878620,231922983,drakeoffc,drakeoffc,509658,Just Chatting,live,üòä–ñ–î–£ –õ–û–•–û–í –ò–ó –ú–û–°–ö–í–´üòä !tg,5183,2022-03-28T14:55:44Z,ru,https://static-cdn.jtvnw.net/previews-ttv/live_user_drakeoffc-{width}x{height}.jpg,['0569b171-2a2b-476e-a596-5bdfb45a1327'],FALSE,124248,2792843
40666982971,64342766,trymacs,Trymacs,33214,Fortnite,live,20.000‚Ç¨ Noob + Pro Turnier von Eli x Amar!  2f√ºr1 Rabatt bei !levlup (Code: Trymacs2)  !tickets !podcast,5167,2022-03-28T15:46:48Z,de,https://static-cdn.jtvnw.net/previews-ttv/live_user_trymacs-{width}x{height}.jpg,"['9166ad14-41f1-4b04-a3b8-c8eb838c6be6', 'c2839af5-f1d2-46c4-8edc-1d0bfbd85070']",FALSE,2930632,146059142
45996972253,30857876,folagorlives,FolagorLives,509658,Just Chatting,live,MUNDO PIXELMON 3 #2 | Suscr√≠bete con Twitch Prime GRATIS,5155,2022-03-28T15:01:35Z,es,https://static-cdn.jtvnw.net/previews-ttv/live_user_folagorlives-{width}x{height}.jpg,['d4bb9c58-2141-4881-bcdc-3fe0505457d1'],FALSE,1427212,46332165
45081527516,168116110,1pvcs,1PVCS,32399,Counter-Strike: Global Offensive,live,[FR] üî¥ Vitality vs SKADE | 1/4 FINAL Pinnacle Cup #3,5056,2022-03-28T13:56:09Z,fr,https://static-cdn.jtvnw.net/previews-ttv/live_user_1pvcs-{width}x{height}.jpg,"['36a89a80-4fcd-4b74-b3d2-2c6fd9b30c95', '6f655045-9989-4ef7-8f85-1edcec42d648']",FALSE,111525,26546373
39607329977,57131280,drututt,Drututt,21779,League of Legends,live,19 !raid 1 raid = 1 extra minute 320 raiders start,5056,2022-03-28T13:46:23Z,en,https://static-cdn.jtvnw.net/previews-ttv/live_user_drututt-{width}x{height}.jpg,"['6ea6bca4-4712-4ab9-a906-e3336a9d8039', 'c1ea4496-4418-4a4f-bc30-083cfc6a616b', '9e1c4d59-fb88-4b42-99ce-b2776358c547', '52d7e4cc-633d-46f5-818c-bb59102d9549']",FALSE,280968,8524915
45996645389,50160915,dreamleague,DreamLeague,29595,Dota 2,live,LIVE: CHILLAX vs Winter Bear - DPC WEU Tour 2 - DreamLeague Season 17,5040,2022-03-28T14:08:42Z,en,https://static-cdn.jtvnw.net/previews-ttv/live_user_dreamleague-{width}x{height}.jpg,"['36a89a80-4fcd-4b74-b3d2-2c6fd9b30c95', '6ea6bca4-4712-4ab9-a906-e3336a9d8039']",FALSE,526258,131645748
40666679947,740605567,xerxqc,xerxqc,32982,Grand Theft Auto V,live,chanon,5026,2022-03-28T13:31:47Z,th,https://static-cdn.jtvnw.net/previews-ttv/live_user_xerxqc-{width}x{height}.jpg,['f19c7524-c18d-41af-9f39-034c8d0b0fee'],FALSE,99767,2317035
45996986301,123512311,nihachu,Nihachu,509658,Just Chatting,live,DAY 8 | THE FIRST EVER OFFICIAL NIKI NIHACHU SUBATHON (Nihathon) | VIDEO WATCHING,4964,2022-03-28T15:03:29Z,en,https://static-cdn.jtvnw.net/previews-ttv/live_user_nihachu-{width}x{height}.jpg,['6ea6bca4-4712-4ab9-a906-e3336a9d8039'],FALSE,2652056,16897643
45081277772,45329736,hitboxking,HITBOXKING,516575,VALORANT,live,KRU vs LEVIATAN 22:00 WatchParty. Tambi√©n 19e vs Betis 19:00. CON SORTEOS!!!,4941,2022-03-28T13:06:40Z,es,https://static-cdn.jtvnw.net/previews-ttv/live_user_hitboxking-{width}x{height}.jpg,['d4bb9c58-2141-4881-bcdc-3fe0505457d1'],FALSE,328374,17390573
45995967581,170869845,kr1stw,ÁãÇÊö¥Ë•øÂçó2,32982,Grand Theft Auto V,live,„ÄäÁãÇÊö¥Ë•øÂçó2„Äã3/28 || !VPN,4915,2022-03-28T12:15:13Z,zh,https://static-cdn.jtvnw.net/previews-ttv/live_user_kr1stw-{width}x{height}.jpg,"['74c92063-a389-4fd2-8460-b1bb82b04ec7', '326bf42d-75ab-4701-9862-faf0c6e24fc8', 'df262ff6-74d1-415b-942c-d584d44426c4']",TRUE,44886,10677794
45994494573,32402794,silent,Silent,32982,Grand Theft Auto V,live,FLIPPY CARRIES AU CRIMS | SileNt Live on !youtube,4903,2022-03-28T05:58:53Z,en,https://static-cdn.jtvnw.net/previews-ttv/live_user_silent-{width}x{height}.jpg,['6ea6bca4-4712-4ab9-a906-e3336a9d8039'],TRUE,211203,11706075
45995867437,11561802,godjj,Êé•Êé•,96418879,Triangle Strategy,live,„ÄêÔº™Áæ§Áé©ÂÆ∂ GodJJ„Äë‰∏âËßíÊà∞Áï• ÊúÄÈ´òÈõ£Â∫¶‰∏ÄÊ¨°ÈÅé  JÁæ§Áé©ÂÆ∂YTÊØèÊó•‰∏äÊñ∞Áâá,4869,2022-03-28T11:58:12Z,zh,https://static-cdn.jtvnw.net/previews-ttv/live_user_godjj-{width}x{height}.jpg,"['74c92063-a389-4fd2-8460-b1bb82b04ec7', 'bfa85d5d-28f2-4faa-81ac-9fa8995fe188', 'ba2c968b-867a-49ce-aebc-3d978a204f4a']",FALSE,360059,147909320
45078887388,411746363,its_iron,its_iron,512710,Call of Duty: Warzone,live,Tactical Trio Win Streaks,4828,2022-03-28T01:01:07Z,en,https://static-cdn.jtvnw.net/previews-ttv/live_user_its_iron-{width}x{height}.jpg,"['fd8f5e68-42d3-4544-a273-5fc92dabc568', '6ea6bca4-4712-4ab9-a906-e3336a9d8039']",TRUE,517857,15020573
45081578188,42061870,daxak,Daxak,29595,Dota 2,live,https://t.me/daxak4 tiktok @daxak4  –ù–ï –ú–û–ì–£ –û–ü–õ–ê–¢–ò–¢–¨ –î–ê–ñ–ï –Æ–¢–£–ë  ) ),4707,2022-03-28T14:04:11Z,ru,https://static-cdn.jtvnw.net/previews-ttv/live_user_daxak-{width}x{height}.jpg,['0569b171-2a2b-476e-a596-5bdfb45a1327'],FALSE,236134,21664676
45996211357,547554019,deuceace,DeuceAce,498566,Slots,live,BONUS BUY TOURNAMENT üõ∏ !SOCIAL | 18+,4644,2022-03-28T12:59:47Z,en,https://static-cdn.jtvnw.net/previews-ttv/live_user_deuceace-{width}x{height}.jpg,"['340f150f-3371-4055-9350-5c559ea913ca', '2574c042-42d3-4768-9067-e6b415aef9c3', '6ea6bca4-4712-4ab9-a906-e3336a9d8039']",TRUE,215643,13318091
45081988396,63675549,kaydop,Kaydop,30921,Rocket League,live,COVID TIME | #EpicPartner  | !g2a !gmr,4556,2022-03-28T15:10:47Z,fr,https://static-cdn.jtvnw.net/previews-ttv/live_user_kaydop-{width}x{height}.jpg,['6f655045-9989-4ef7-8f85-1edcec42d648'],FALSE,640635,17590438
45081220796,43899589,c_a_k_e,C_a_k_e,493057,PUBG: BATTLEGROUNDS,live,"–ü–æ–±–µ–¥—ã, –ú–õ–ì –º–æ–º–µ–Ω—Ç—ã, —Å–∫–∏–ª–∑—ã. –ì–¥–µ ? —è —Å–∞–º —Ö–∑. !tg - –ü–æ–¥–ø–∏—à–∏—Å—å [ –¢–≤–∏—á –æ—Å—Ç–∞–Ω–æ–≤–∏–ª –≤—ã–ø–ª–∞—Ç—ã ]",4525,2022-03-28T12:56:03Z,ru,https://static-cdn.jtvnw.net/previews-ttv/live_user_c_a_k_e-{width}x{height}.jpg,['0569b171-2a2b-476e-a596-5bdfb45a1327'],FALSE,335388,88988569
45080991580,56865374,barbarousking,BarbarousKing,14766,Super Mario Galaxy,live,Luigi Galaxy 100% - MAR10 MARATHON CONTINUES,4421,2022-03-28T12:03:06Z,en,https://static-cdn.jtvnw.net/previews-ttv/live_user_barbarousking-{width}x{height}.jpg,"['6ea6bca4-4712-4ab9-a906-e3336a9d8039', 'cea7bc0c-75a5-4446-8743-6db031b71550', '5d7b7078-ea24-4547-b50a-c02f3d490dd7']",TRUE,178858,18808406
45995762509,162658813,cookielolxx,CookieLoLxx,21779,League of Legends,live,KR SOLOQ -  50 LP MASTERS START - !youtube !EPAL !Jaxon !ZAR !Outplayed,4341,2022-03-28T11:36:07Z,en,https://static-cdn.jtvnw.net/previews-ttv/live_user_cookielolxx-{width}x{height}.jpg,"['6ea6bca4-4712-4ab9-a906-e3336a9d8039', '0cf86924-7940-4e8c-8984-5fbaaca4cd2d']",FALSE,59091,2770733
45081652876,143759910,runthefutmarket,runthefutmarket,1869092879,FIFA 22,live,"COUTINHO SHOULD BE 3M CRAZY PLAYER, INSANE TRAITS / 93 JOHN STONES & 92 VAN DE BEEK WILL BE INSANE FOR PREM TEAMS | @nickrtfm on twitter",4328,2022-03-28T14:17:40Z,en,https://static-cdn.jtvnw.net/previews-ttv/live_user_runthefutmarket-{width}x{height}.jpg,['6ea6bca4-4712-4ab9-a906-e3336a9d8039'],FALSE,599017,18769939
45081026780,113511896,chap_gg,Chap_GG,21779,League of Legends,live,CHAP - GROS STREAM AUJD - 20H SHOWMATCH PXXL vs NEVOS,4316,2022-03-28T12:11:18Z,fr,https://static-cdn.jtvnw.net/previews-ttv/live_user_chap_gg-{width}x{height}.jpg,['6f655045-9989-4ef7-8f85-1edcec42d648'],FALSE,193442,4488750
45081691100,53649632,naowh,Naowh,18122,World of Warcraft,live,WE'RE FREE (UNTIL MDI) <ECHO> !GIVEAWAY !SOCIALS !ROCCAT !displate,4311,2022-03-28T14:24:29Z,en,https://static-cdn.jtvnw.net/previews-ttv/live_user_naowh-{width}x{height}.jpg,"['b157e8d6-b7ba-49f4-836f-09886c072f1f', '6ea6bca4-4712-4ab9-a906-e3336a9d8039']",FALSE,194285,20907440
45995691533,435389332,real_bazzi,Real_Bazzi,32982,Grand Theft Auto V,live,[IMMORTAL] Familienfreundlicher Stream !dc !insta,4309,2022-03-28T11:20:38Z,de,https://static-cdn.jtvnw.net/previews-ttv/live_user_real_bazzi-{width}x{height}.jpg,['9166ad14-41f1-4b04-a3b8-c8eb838c6be6'],TRUE,266887,8429076
45996153933,112618532,ale_apoka,ale_apoka,32399,Counter-Strike: Global Offensive,live,IMPERIAL ESPECIAL !cortes !keydrop !sorteio,4302,2022-03-28T12:50:05Z,pt,https://static-cdn.jtvnw.net/previews-ttv/live_user_ale_apoka-{width}x{height}.jpg,"['ac763b17-7bea-4632-9eb4-d106689ff409', '1eba3cfe-51cc-460a-8259-bc8bb987f904', '39ee8140-901a-4762-bfca-8260dea1310f']",TRUE,188507,5578686
45081751804,42316376,just_ns,just_ns,29595,Dota 2,live,–ê–ø–∞–µ—Ç —Ä–µ–π—Ç–∏–Ω–≥ –Ω–∞ –ø—è—Ç–µ—Ä–Ω–µ | !tg !yt,4282,2022-03-28T14:35:03Z,ru,https://static-cdn.jtvnw.net/previews-ttv/live_user_just_ns-{width}x{height}.jpg,['0569b171-2a2b-476e-a596-5bdfb45a1327'],TRUE,470103,54706241
45995528525,176609584,alexdieci,alexdieci,263490,Rust,live,[DROPS ON] TwitchRivals DROPPERSS DROPPERSS !drops !rivals !discord !yt,4258,2022-03-28T10:44:32Z,it,https://static-cdn.jtvnw.net/previews-ttv/live_user_alexdieci-{width}x{height}.jpg,"['5b9935eb-1e9a-4217-98ad-62bda5cff0d1', 'c2542d6d-cd10-4532-919b-3d19f30a768b']",TRUE,9018,263807
40665753803,25202416,shuteye_orange,Ëù¶ÊÑõÊ©òÂ≠ê,509658,Just Chatting,live,‚≠êNew Êú®Êùë‚ù§Ô∏èÊµ∑Ëó§ÂØ∂Ë≤ùÁöÑÂâçÂ¶ªüéÅÁúãÂè∞ÈÄÅMYcardÈªûÊï∏ !MY„ÄêFWüçäËù¶ÊÑõÊ©òÂ≠ê„ÄëÈÅäÊà≤ÂêçÁ®± !ÈÅäÊà≤,4242,2022-03-28T05:32:39Z,zh,https://static-cdn.jtvnw.net/previews-ttv/live_user_shuteye_orange-{width}x{height}.jpg,"['74c92063-a389-4fd2-8460-b1bb82b04ec7', '068c541b-dc07-4d7f-a689-5578f90905a9', '1706e401-a023-49fc-9b10-7bf73f59c940']",TRUE,121306,71999688
45078940732,57292293,ratirl,RATIRL,498592,I'm Only Sleeping,live,resting 1-2h  PotFriend UNCAPPED day 6 Subathon  1sub=50sec  [Ratuber]  :smirkface:  ü•©üç∏,4191,2022-03-28T01:09:03Z,en,https://static-cdn.jtvnw.net/previews-ttv/live_user_ratirl-{width}x{height}.jpg,"['52d7e4cc-633d-46f5-818c-bb59102d9549', '6ea6bca4-4712-4ab9-a906-e3336a9d8039']",TRUE,706256,45317539
39606714681,29396564,peeve,Peeve,512953,Elden Ring,live,"RL 125 Vigor Check PvP | NEW emotes T1: pvpTasty, T2: pvpUgh | !veil | !meta | !1st | !thoughts | PS5",4186,2022-03-28T05:22:42Z,en,https://static-cdn.jtvnw.net/previews-ttv/live_user_peeve-{width}x{height}.jpg,"['79977fb9-f106-4a87-a386-f1b0f99783dd', '8486f56b-8677-44f7-8004-000295391524', 'a4fac2cc-7cd4-44a6-b620-178182389a5b', '6ea6bca4-4712-4ab9-a906-e3336a9d8039']",TRUE,190926,15197150
45996388877,133923936,2chamcham2,ÌÉ¨ÌÉ¨Î≤ÑÎ¶∞,493057,PUBG: BATTLEGROUNDS,live,ÏïàÎáΩÍ∞ÄÎ¶¨ Ÿ©(‚óè'‚ñø'‚óè)€∂ *,4155,2022-03-28T13:27:37Z,ko,https://static-cdn.jtvnw.net/previews-ttv/live_user_2chamcham2-{width}x{height}.jpg,['ab2975e3-b9ca-4b1a-a93e-fb61a5d5c3a4'],FALSE,571387,53435145
45996278061,103861159,yapyap30,ÏñçÏñç,512708,Mahjong Soul,live,Í∏àÌÉÅ2Ìä∏,4143,2022-03-28T13:09:02Z,ko,https://static-cdn.jtvnw.net/previews-ttv/live_user_yapyap30-{width}x{height}.jpg,['ab2975e3-b9ca-4b1a-a93e-fb61a5d5c3a4'],FALSE,325885,8.84E+18
45999316189,71092938,xqcow,xQcOW,509658,Just Chatting,live,üíÄ CLICK HERE NOW üíÄ ATTENTION ALL TWITCH USERS üíÄ  THIS IS THE GOOFY AHH TEST üíÄ  JOIN THE CHAT TO VERIFY üíÄ  YOUR GOOFY AHH STATUS üíÄ,107068,2022-03-28T20:09:50Z,en,https://static-cdn.jtvnw.net/previews-ttv/live_user_xqcow-{width}x{height}.jpg,"['6ea6bca4-4712-4ab9-a906-e3336a9d8039', '64d9afa6-139a-48d5-ab4e-51d0a92b22de', '52d7e4cc-633d-46f5-818c-bb59102d9549', '6606e54c-f92d-40f6-8257-74977889ccdd', '2193eee1-b8f0-43bd-a6d9-dba8a67528a1']",False,10165263,509167561
46000582957,157658336,elspreen,ElSpreen,509658,Just Chatting,live,hoy como un analista estoy,59020,2022-03-28T22:43:02Z,es,https://static-cdn.jtvnw.net/previews-ttv/live_user_elspreen-{width}x{height}.jpg,['d4bb9c58-2141-4881-bcdc-3fe0505457d1'],False,3531428,29955645
45998998029,544213766,valorant_la,valorant_la,516575,VALORANT,live,VCT Liga Challenger - Latam: Playoffs - Gran Final,37230,2022-03-28T19:30:07Z,es,https://static-cdn.jtvnw.net/previews-ttv/live_user_valorant_la-{width}x{height}.jpg,"['36a89a80-4fcd-4b74-b3d2-2c6fd9b30c95', 'd4bb9c58-2141-4881-bcdc-3fe0505457d1']",False,222427,6451269
45081960332,31919607,elxokas,elxokas,33214,Fortnite,live,HE VUELTO,32121,2022-03-28T15:06:48Z,es,https://static-cdn.jtvnw.net/previews-ttv/live_user_elxokas-{width}x{height}.jpg,['d4bb9c58-2141-4881-bcdc-3fe0505457d1'],False,2861392,91557258
45081277772,45329736,hitboxking,HITBOXKING,516575,VALORANT,live,KRU VS LEVIATAN LIVE üî• | WATCHPARTY CON SORTEOS!!! -> !nuevoagente,30310,2022-03-28T13:06:40Z,es,https://static-cdn.jtvnw.net/previews-ttv/live_user_hitboxking-{width}x{height}.jpg,['d4bb9c58-2141-4881-bcdc-3fe0505457d1'],False,332425,17551938
46001307693,146922206,tsm_imperialhal,TSM_ImperialHal,511224,Apex Legends,live,"$1,000,000 ALGS LAN QUALIFIERS (10 minute delay) | !glytch !aimlab !tsm | TSMFTX",30042,2022-03-28T23:59:19Z,en,https://static-cdn.jtvnw.net/previews-ttv/live_user_tsm_imperialhal-{width}x{height}.jpg,['6ea6bca4-4712-4ab9-a906-e3336a9d8039'],False,1409398,67646632
45086339900,15564828,nickmercs,NICKMERCS,511224,Apex Legends,live,ALGS Tournament Finals! | Code: MFAM | @NICKMERCS,28249,2022-03-28T23:44:29Z,en,https://static-cdn.jtvnw.net/previews-ttv/live_user_nickmercs-{width}x{height}.jpg,['6ea6bca4-4712-4ab9-a906-e3336a9d8039'],False,6405367,219347940
45998199069,207813352,hasanabi,HasanAbi,509658,Just Chatting,live,SLAP REVIEW,24827,2022-03-28T17:53:06Z,en,https://static-cdn.jtvnw.net/previews-ttv/live_user_hasanabi-{width}x{height}.jpg,['6ea6bca4-4712-4ab9-a906-e3336a9d8039'],False,1926546,109550758
45998352205,51496027,loltyler1,loltyler1,21779,League of Legends,live,ANOTHER PERFORM PROBLEM ! GOTS IT ? HAHA SOLVED THIS QUICKNESS SPEED STRENGTH !! wee spinned so fast nots see ! AH ! falled :(,24743,2022-03-28T18:09:40Z,en,https://static-cdn.jtvnw.net/previews-ttv/live_user_loltyler1-{width}x{height}.jpg,['6ea6bca4-4712-4ab9-a906-e3336a9d8039'],False,4838450,298418050
45085082796,233300375,clix,Clix,33214,Fortnite,live,How to not pull any girls 101 | !sub !discord,23839,2022-03-28T20:50:42Z,en,https://static-cdn.jtvnw.net/previews-ttv/live_user_clix-{width}x{height}.jpg,['6ea6bca4-4712-4ab9-a906-e3336a9d8039'],False,4680520,121185392
45998238765,260722430,daltoosh,daltoosh,511224,Apex Legends,live,ALGS WATCH PARTY !youtube,22988,2022-03-28T17:57:44Z,en,https://static-cdn.jtvnw.net/previews-ttv/live_user_daltoosh-{width}x{height}.jpg,['6ea6bca4-4712-4ab9-a906-e3336a9d8039'],False,643772,18883903
46001544909,156037856,fextralife,Fextralife,490100,Lost Ark,live,!LAWIKI !GUIDES MMO Catch Up Day with Yuria,19728,2022-03-29T00:21:23Z,en,https://static-cdn.jtvnw.net/previews-ttv/live_user_fextralife-{width}x{height}.jpg,['6ea6bca4-4712-4ab9-a906-e3336a9d8039'],False,1330322,2147265723
45999172221,90075649,illojuan,IlloJuan,33214,Fortnite,live,"Tengo 11 a√±os, mi madre me acaba de apuntar a Taekwondo en el Polideportivo de Mijas y me encanta el Fortnite ü§†",19031,2022-03-28T19:52:57Z,es,https://static-cdn.jtvnw.net/previews-ttv/live_user_illojuan-{width}x{height}.jpg,['d4bb9c58-2141-4881-bcdc-3fe0505457d1'],False,1716749,68821015
45999809677,26154978,sykkuno,Sykkuno,33214,Fortnite,live,FORTNITE GOD,18472,2022-03-28T21:11:16Z,en,https://static-cdn.jtvnw.net/previews-ttv/live_user_sykkuno-{width}x{height}.jpg,['6ea6bca4-4712-4ab9-a906-e3336a9d8039'],False,4025834,102241564
46001292461,663294488,ranboobutnot,ranboobutnot,509658,Just Chatting,live,LIVE RIDDLER REACTION (main stream tomorrow look out for that),17915,2022-03-28T23:58:02Z,en,https://static-cdn.jtvnw.net/previews-ttv/live_user_ranboobutnot-{width}x{height}.jpg,['6ea6bca4-4712-4ab9-a906-e3336a9d8039'],False,794635,1458133
45085645340,36340781,tarik,tarik,516575,VALORANT,live,TITLE - Twitter @tarik,16925,2022-03-28T22:05:07Z,en,https://static-cdn.jtvnw.net/previews-ttv/live_user_tarik-{width}x{height}.jpg,"['c2839af5-f1d2-46c4-8edc-1d0bfbd85070', '6ea6bca4-4712-4ab9-a906-e3336a9d8039']",False,1507951,87171393
45084748844,13884994,zerkaa,Zerkaa,32982,Grand Theft Auto V,live,TOMMY TATE | NoPixel WL | !nprules,16898,2022-03-28T20:10:08Z,en,https://static-cdn.jtvnw.net/previews-ttv/live_user_zerkaa-{width}x{height}.jpg,['6ea6bca4-4712-4ab9-a906-e3336a9d8039'],False,1233993,40481247
46000796557,26490481,summit1g,summit1g,490377,Sea of Thieves,live,chillin. !gfuel !merch - @summit1g,16879,2022-03-28T23:05:02Z,en,https://static-cdn.jtvnw.net/previews-ttv/live_user_summit1g-{width}x{height}.jpg,['6ea6bca4-4712-4ab9-a906-e3336a9d8039'],False,6067569,501970552
40667806011,121059319,moonmoon,MOONMOON,1199725270,WWE 2K22,live,royal rumble + becoming champion of the world (united states),16572,2022-03-28T22:43:56Z,en,https://static-cdn.jtvnw.net/previews-ttv/live_user_moonmoon-{width}x{height}.jpg,['6ea6bca4-4712-4ab9-a906-e3336a9d8039'],True,1105612,98912917
45999197709,44445592,pokimane,pokimane,33214,Fortnite,live,GOT 3RD IN THE FORTNITE TOURNAMENT ü™ìüòä #1 VICTORY ROYALE YEA FORTNITE WE BOUTTA GET DOWN!!,16412,2022-03-28T19:56:13Z,en,https://static-cdn.jtvnw.net/previews-ttv/live_user_pokimane-{width}x{height}.jpg,"['6606e54c-f92d-40f6-8257-74977889ccdd', '6ea6bca4-4712-4ab9-a906-e3336a9d8039']",False,8992710,217957334
45999537165,37402112,shroud,shroud,516575,VALORANT,live,winston aim,15328,2022-03-28T20:37:47Z,en,https://static-cdn.jtvnw.net/previews-ttv/live_user_shroud-{width}x{height}.jpg,['6ea6bca4-4712-4ab9-a906-e3336a9d8039'],False,10000170,565892538
46001220877,45302947,iitztimmy,iiTzTimmy,511224,Apex Legends,live,ALGS FINALS [10 MINUTE DELAY] // Follow my socials @iiTzTimmy,13987,2022-03-28T23:50:51Z,en,https://static-cdn.jtvnw.net/previews-ttv/live_user_iitztimmy-{width}x{height}.jpg,['6ea6bca4-4712-4ab9-a906-e3336a9d8039'],False,1787998,44396757
45085613292,81918254,im_dontai,Im_Dontai,509658,Just Chatting,live,The Smack Heard Around The World,13597,2022-03-28T22:01:12Z,en,https://static-cdn.jtvnw.net/previews-ttv/live_user_im_dontai-{width}x{height}.jpg,['6ea6bca4-4712-4ab9-a906-e3336a9d8039'],False,1406556,10311597
45996492909,47071880,yoda,YoDa,21779,League of Legends,live,LEAGUE/LOST ARK PVP,13363,2022-03-28T13:45:05Z,pt,https://static-cdn.jtvnw.net/previews-ttv/live_user_yoda-{width}x{height}.jpg,['39ee8140-901a-4762-bfca-8260dea1310f'],True,2251113,246078383
45995942013,49207184,fps_shaka,fps_shaka,21779,League of Legends,live,‰Ωø„Åà„Çã„Ç≠„É£„É©Â¢ó„ÇÑ„Åù„ÅÜ,13150,2022-03-28T12:10:13Z,ja,https://static-cdn.jtvnw.net/previews-ttv/live_user_fps_shaka-{width}x{height}.jpg,"['6ba1d230-e52f-4d81-b1e0-41f25a8a9f5d', 'eaba0ad7-c4e1-4878-b37f-01308dbb65c8']",False,794664,131846153
45997124621,68124914,blackelespanolito,blackelespanolito,516575,VALORANT,live,KRU vs LEVIATAN | WATCHPARTY OFICIAL | SORTEO VIEWERS | SORTEO 1 A√ëO DE SKINS PARA SUSCRIPTORES,12313,2022-03-28T15:25:36Z,es,https://static-cdn.jtvnw.net/previews-ttv/live_user_blackelespanolito-{width}x{height}.jpg,['d4bb9c58-2141-4881-bcdc-3fe0505457d1'],False,663598,24047206
46000230813,91067577,emiru,Emiru,511224,Apex Legends,live,GAMERTIMEGAMERTIMEGAMERTIMEGAMERTIMEGAMERTIMEGAMERTIMEGAMERTIMEGAMERTIME - Reacting to !onepiece Odyssey trailer @ 6pm CST #ad,11683,2022-03-28T22:02:08Z,en,https://static-cdn.jtvnw.net/previews-ttv/live_user_emiru-{width}x{height}.jpg,"['2ffd5c3e-b927-4749-ba53-79d3b626b2da', '6ea6bca4-4712-4ab9-a906-e3336a9d8039']",False,811651,14734047
45996211357,547554019,deuceace,DeuceAce,498566,Slots,live,ROSH'S BONUS OPENING 99 üõ∏ !SOCIAL | 18+,11662,2022-03-28T12:59:47Z,en,https://static-cdn.jtvnw.net/previews-ttv/live_user_deuceace-{width}x{height}.jpg,"['340f150f-3371-4055-9350-5c559ea913ca', '2574c042-42d3-4768-9067-e6b415aef9c3', '6ea6bca4-4712-4ab9-a906-e3336a9d8039']",True,216093,13356390
45998460813,136765278,buddha,buddha,33214,Fortnite,live,"Fortnite w/ Syk, Poki and Rae | !Website !Tiktok",10933,2022-03-28T18:22:56Z,en,https://static-cdn.jtvnw.net/previews-ttv/live_user_buddha-{width}x{height}.jpg,['6ea6bca4-4712-4ab9-a906-e3336a9d8039'],True,774641,70409214
45997637229,145015519,foolish_gamers,Foolish_Gamers,27471,Minecraft,live,DSMP | GAMING GAMING GAMING GAMING GAMING GAMING GAMERS,10463,2022-03-28T16:41:26Z,en,https://static-cdn.jtvnw.net/previews-ttv/live_user_foolish_gamers-{width}x{height}.jpg,['6ea6bca4-4712-4ab9-a906-e3336a9d8039'],False,1654716,24817467
45998539357,38244180,alanzoka,alanzoka,30921,Rocket League,live,VENCEDOR DO OSCAR DE QUEM SE PERDE MAIS NOS JOGOS,10333,2022-03-28T18:32:27Z,pt,https://static-cdn.jtvnw.net/previews-ttv/live_user_alanzoka-{width}x{height}.jpg,['39ee8140-901a-4762-bfca-8260dea1310f'],False,5605026,204047140
39608787321,123517994,omen,OMEN,459527,Gang Beasts,live,It's time to rumble and roll! The OMEN Squad is playing Gang Beasts | Giveaways | !OMEN,10076,2022-03-29T00:00:41Z,en,https://static-cdn.jtvnw.net/previews-ttv/live_user_omen-{width}x{height}.jpg,"['6ea6bca4-4712-4ab9-a906-e3336a9d8039', '2a14b52e-d459-4c92-be11-5d86b898f6b6']",False,51385,42740068
46001067501,541318059,litkillah,LITkillah,33214,Fortnite,live,trio con UNICORNI y CARRERA antes de que lo rompa todo | !merch,10011,2022-03-28T23:34:17Z,es,https://static-cdn.jtvnw.net/previews-ttv/live_user_litkillah-{width}x{height}.jpg,['d4bb9c58-2141-4881-bcdc-3fe0505457d1'],False,2332351,20149792
39608185785,9528182,chilledchaos,ChilledChaos,510218,Among Us,live,DAY OF DECEPTION! (Among Us All Day :D),9478,2022-03-28T20:23:20Z,en,https://static-cdn.jtvnw.net/previews-ttv/live_user_chilledchaos-{width}x{height}.jpg,['6ea6bca4-4712-4ab9-a906-e3336a9d8039'],False,397574,11604846
45999221869,75891532,mch_agg,mch_AGG,32399,Counter-Strike: Global Offensive,live,LIVE: DONOS DA BALA #12 PRESHOW - !RIVALRY !KEYDROP !BLEIK !YOUTUBE,9404,2022-03-28T19:59:07Z,pt,https://static-cdn.jtvnw.net/previews-ttv/live_user_mch_agg-{width}x{height}.jpg,['39ee8140-901a-4762-bfca-8260dea1310f'],False,458746,35447300
45084301948,77827128,tumblurr,Tumblurr,491381,Golf With Your Friends,live,GOLFATINA CON IL MAESTRO E GIANKO! l !indirizzo !levlup !donazioni !instagram !twitter !discord,9121,2022-03-28T19:24:59Z,it,https://static-cdn.jtvnw.net/previews-ttv/live_user_tumblurr-{width}x{height}.jpg,['5b9935eb-1e9a-4217-98ad-62bda5cff0d1'],False,841615,22508661
45998042605,120244187,aydan,Aydan,512710,Call of Duty: Warzone,live,2v2 Wagers w/ Rivs | !classes !sub,8936,2022-03-28T17:33:01Z,en,https://static-cdn.jtvnw.net/previews-ttv/live_user_aydan-{width}x{height}.jpg,['6ea6bca4-4712-4ab9-a906-e3336a9d8039'],True,2761490,62222470
40667704155,197688174,tioorochitwitch,tioorochitwitch,509658,Just Chatting,live,segunda feira dia de suar no trono,8540,2022-03-28T21:52:45Z,pt,https://static-cdn.jtvnw.net/previews-ttv/live_user_tioorochitwitch-{width}x{height}.jpg,['39ee8140-901a-4762-bfca-8260dea1310f'],True,1050395,4634190
46000216141,484404305,taspio,Taspio,509658,Just Chatting,live,A TRETA DO SECULO ‚ùóloja sub 4x +18,8319,2022-03-28T22:00:46Z,pt,https://static-cdn.jtvnw.net/previews-ttv/live_user_taspio-{width}x{height}.jpg,"['39ee8140-901a-4762-bfca-8260dea1310f', 'c2839af5-f1d2-46c4-8edc-1d0bfbd85070']",True,444989,7292702
45995845661,139470326,handongsuk,ÌïúÎèôÏàô,490100,Lost Ark,live,Î°ú,8288,2022-03-28T11:54:02Z,ko,https://static-cdn.jtvnw.net/previews-ttv/live_user_handongsuk-{width}x{height}.jpg,['ab2975e3-b9ca-4b1a-a93e-fb61a5d5c3a4'],False,485330,137413742
46000476765,529751630,dwpresents,DWPresents,26936,Music,live,THAT SPACE ZEBRA SHOW | MONDAY NIGHT LIVE WITH PLUSH,8184,2022-03-28T22:30:44Z,en,https://static-cdn.jtvnw.net/previews-ttv/live_user_dwpresents-{width}x{height}.jpg,"['6ea6bca4-4712-4ab9-a906-e3336a9d8039', 'f27da80e-b26a-447b-bcfa-b20ac049d333']",True,43252,10197921
45999343997,101020771,repaz,Repaz,516575,VALORANT,live,widepeepoBlanket | !InstantGaming !levlup #Dauerwerbesendung,8064,2022-03-28T20:13:20Z,de,https://static-cdn.jtvnw.net/previews-ttv/live_user_repaz-{width}x{height}.jpg,['9166ad14-41f1-4b04-a3b8-c8eb838c6be6'],True,615429,14287767
45084253180,89600394,therealmarzaa,TheRealMarzaa,525703869,City Guesser,live,COSE MOLTO DIVERTENTI E SIMPATICHE - !INFO !NZXT !MERCH !DISCORD !BTTV !7TV !TASTIERA !SIGARETTA !SLOT,7723,2022-03-28T19:20:21Z,it,https://static-cdn.jtvnw.net/previews-ttv/live_user_therealmarzaa-{width}x{height}.jpg,['5b9935eb-1e9a-4217-98ad-62bda5cff0d1'],False,1034601,13366963
40667504059,117349875,smallant,SmallAnt,13332,Pok√©mon FireRed/LeafGreen,live,NUZLOCKE SOULLINK w/ CJYA - FINISHING TODAY,7522,2022-03-28T20:03:23Z,en,https://static-cdn.jtvnw.net/previews-ttv/live_user_smallant-{width}x{height}.jpg,"['2a14b52e-d459-4c92-be11-5d86b898f6b6', '6ea6bca4-4712-4ab9-a906-e3336a9d8039']",False,1073396,16357959
45999923213,267635380,luquet4,LuquEt4,32982,Grand Theft Auto V,live,CPX - üî•RED BEIRAMARüî•| DIA DE GUERRA?! #150k,7455,2022-03-28T21:25:20Z,pt,https://static-cdn.jtvnw.net/previews-ttv/live_user_luquet4-{width}x{height}.jpg,['39ee8140-901a-4762-bfca-8260dea1310f'],True,141523,4062002
45998822061,121203480,yassuo,Yassuo,498566,Slots,live,18+ YDAY WAS WORST DAY EVER NEED JUICER LIKE TRAINWRECKS RA WIN POR FAVOR CRAZY UNBELIEVABLE ACTION STORYTIME !STORE !LEADERBOARD #ad,7383,2022-03-28T19:07:02Z,en,https://static-cdn.jtvnw.net/previews-ttv/live_user_yassuo-{width}x{height}.jpg,['6ea6bca4-4712-4ab9-a906-e3336a9d8039'],True,2012453,107803696
40667950027,412132764,playapex,playapex,511224,Apex Legends,live,ALGS Pro League - Split 2 Match Day #11 - NA Region - Groups A vs C | Apex Legends,7291,2022-03-28T23:50:36Z,en,https://static-cdn.jtvnw.net/previews-ttv/live_user_playapex-{width}x{height}.jpg,"['36a89a80-4fcd-4b74-b3d2-2c6fd9b30c95', '6ea6bca4-4712-4ab9-a906-e3336a9d8039']",False,629835,17730147
45999800349,526763937,kkatamina,kkatamina,509658,Just Chatting,live,we beat lud,7190,2022-03-28T21:10:06Z,en,https://static-cdn.jtvnw.net/previews-ttv/live_user_kkatamina-{width}x{height}.jpg,['6ea6bca4-4712-4ab9-a906-e3336a9d8039'],False,496544,14367227
46000856045,127550308,botezlive,BotezLive,509658,Just Chatting,live,BEACH PARTY & CHESS w/ Digital Ocean | !do #sponsored,7156,2022-03-28T23:11:04Z,en,https://static-cdn.jtvnw.net/previews-ttv/live_user_botezlive-{width}x{height}.jpg,"['6ea6bca4-4712-4ab9-a906-e3336a9d8039', '738d81a3-d79a-44a8-8351-b406d96b9cd9', '1eba3cfe-51cc-460a-8259-bc8bb987f904', 'cea7bc0c-75a5-4446-8743-6db031b71550']",False,1038939,83628655
46000471581,70357283,arigameplays,AriGameplays,32982,Grand Theft Auto V,live,HOY PURO ROLEITO CON LA TESSA El Origen RP +18 || !ratio !exclusivo,6981,2022-03-28T22:30:12Z,es,https://static-cdn.jtvnw.net/previews-ttv/live_user_arigameplays-{width}x{height}.jpg,['d4bb9c58-2141-4881-bcdc-3fe0505457d1'],False,3983919,35409559
39608670057,494026769,markitonavaja,MarkitoNavaja,509658,Just Chatting,live,El filoso ft More Beltran,6895,2022-03-28T23:24:13Z,es,https://static-cdn.jtvnw.net/previews-ttv/live_user_markitonavaja-{width}x{height}.jpg,['d4bb9c58-2141-4881-bcdc-3fe0505457d1'],True,1790963,19210843
45071285916,121649330,method,Method,18122,World of Warcraft,live,üî¥METHOD Race to World First | !partners !casters !kill,6877,2022-03-27T08:02:30Z,en,https://static-cdn.jtvnw.net/previews-ttv/live_user_method-{width}x{height}.jpg,"['7cefbf30-4c3e-4aa7-99cd-70aabb662f27', 'b13ce7d5-d513-49ff-a957-76f193df42aa', '6ea6bca4-4712-4ab9-a906-e3336a9d8039']",False,376319,77776633
45084398076,149727725,dkayed,Dkayed,1119642287,Yu-Gi-Oh! Master Duel,live,$1000 MEME Qualifier Tourney! New CARDS Announced! Banlist Next Week!?,6808,2022-03-28T19:33:59Z,en,https://static-cdn.jtvnw.net/previews-ttv/live_user_dkayed-{width}x{height}.jpg,"['6606e54c-f92d-40f6-8257-74977889ccdd', '6ea6bca4-4712-4ab9-a906-e3336a9d8039']",False,173918,34124757
45998196957,119415848,anthonyz,AnthonyZ,32982,Grand Theft Auto V,live,TONY CORLEONE NOPIXEL WL | LIVE MON-FRI 10:30AM PST #ad,6808,2022-03-28T17:52:53Z,en,https://static-cdn.jtvnw.net/previews-ttv/live_user_anthonyz-{width}x{height}.jpg,"['0cb7e377-a308-44e8-91f7-07eea1d96129', '6ea6bca4-4712-4ab9-a906-e3336a9d8039']",False,556117,36019192
39607813977,125387632,amouranth,Amouranth,116747788,"Pools, Hot Tubs, and Beaches",live,BIKINI & GAMES üî•  !s-->my socialsüí¶,6801,2022-03-28T17:49:47Z,en,https://static-cdn.jtvnw.net/previews-ttv/live_user_amouranth-{width}x{height}.jpg,['6ea6bca4-4712-4ab9-a906-e3336a9d8039'],False,5232594,392031904
45998527677,58115154,mount,mount,32982,Grand Theft Auto V,live,[GTA RP KAMIKAZE] a chave caiu,6571,2022-03-28T18:31:01Z,pt,https://static-cdn.jtvnw.net/previews-ttv/live_user_mount-{width}x{height}.jpg,['39ee8140-901a-4762-bfca-8260dea1310f'],False,650199,29889469
46000527597,38433240,shahzam,ShahZaM,516575,VALORANT,live,SEN ShahZaM - RADIANT RANKED,6521,2022-03-28T22:36:48Z,en,https://static-cdn.jtvnw.net/previews-ttv/live_user_shahzam-{width}x{height}.jpg,['6ea6bca4-4712-4ab9-a906-e3336a9d8039'],False,1389180,50012316
45085238876,42351942,nissaxter,Nissaxter,21779,League of Legends,live,üî¥PERUCHIMARU REPARTIENDO OSTIAS EN LA GRIETA  COMO WILL SMITH EN LOS OSCAR üî¥ !VIDEO !UGGAPP,6344,2022-03-28T21:10:06Z,es,https://static-cdn.jtvnw.net/previews-ttv/live_user_nissaxter-{width}x{height}.jpg,['d4bb9c58-2141-4881-bcdc-3fe0505457d1'],True,523204,11154692
45999175053,76385901,elded,elded,516575,VALORANT,live,Watch party Oficial: #VCTLatam Playoffs Gran Final | REDES @dedreviil,6299,2022-03-28T19:53:20Z,es,https://static-cdn.jtvnw.net/previews-ttv/live_user_elded-{width}x{height}.jpg,['d4bb9c58-2141-4881-bcdc-3fe0505457d1'],False,4943125,81038712
45998587373,40754777,masondota2,masondota2,29595,Dota 2,live,RANK 1 BACK BABY LES GO PMA BEST STRREAMER IN THIS GAME,6191,2022-03-28T18:38:32Z,en,https://static-cdn.jtvnw.net/previews-ttv/live_user_masondota2-{width}x{height}.jpg,['6ea6bca4-4712-4ab9-a906-e3336a9d8039'],True,211562,18734380
46000629821,36324138,distortion2,Distortion2,512953,Elden Ring,live,SPEEDRUNNING AN INTEL GAMING MOD WORKSHOP,6117,2022-03-28T22:48:41Z,en,https://static-cdn.jtvnw.net/previews-ttv/live_user_distortion2-{width}x{height}.jpg,['6ea6bca4-4712-4ab9-a906-e3336a9d8039'],True,458372,36984388
45083662060,137347549,locklear,Locklear,1318043161,Tiny Tina's Wonderlands,live,CRINGE SQUAD FT SHESHOUNET,5887,2022-03-28T18:27:18Z,fr,https://static-cdn.jtvnw.net/previews-ttv/live_user_locklear-{width}x{height}.jpg,['6f655045-9989-4ef7-8f85-1edcec42d648'],False,1716892,62824463
45079514124,20478262,teamliquid,TeamLiquid,18122,World of Warcraft,live,Race to World First - Day 20 - !happening !charity !points,5814,2022-03-28T03:00:09Z,en,https://static-cdn.jtvnw.net/previews-ttv/live_user_teamliquid-{width}x{height}.jpg,"['b13ce7d5-d513-49ff-a957-76f193df42aa', '6ea6bca4-4712-4ab9-a906-e3336a9d8039']",False,157199,17304564
45996196445,102381201,ddahyoni,Îî∞Ìö®Îãà,512708,Mahjong Soul,live,Ïò•ÌÉÅÍ∞ÑÎã§Í≥† ÌñàÎã§,5499,2022-03-28T12:57:32Z,ko,https://static-cdn.jtvnw.net/previews-ttv/live_user_ddahyoni-{width}x{height}.jpg,['ab2975e3-b9ca-4b1a-a93e-fb61a5d5c3a4'],False,356509,80789030
45996560541,264984080,abugoku9999,abugoku9999,32982,Grand Theft Auto V,live,[GRAND] BITCOIN RP !GRAND !WATERDROP !NORDVPN !DISPLATE #werbung,5469,2022-03-28T13:56:46Z,de,https://static-cdn.jtvnw.net/previews-ttv/live_user_abugoku9999-{width}x{height}.jpg,"['9166ad14-41f1-4b04-a3b8-c8eb838c6be6', '06ab147d-91b6-4c7f-83e4-2b337d2780d5', '0cb7e377-a308-44e8-91f7-07eea1d96129']",False,212846,6617482
46001299629,235835559,maya,Maya,509658,Just Chatting,live,reacting to my old snapchat memories ..,5396,2022-03-28T23:58:41Z,en,https://static-cdn.jtvnw.net/previews-ttv/live_user_maya-{width}x{height}.jpg,['6ea6bca4-4712-4ab9-a906-e3336a9d8039'],False,640401,18992434
46000006653,248306987,defantediogo,defantediogo,32982,Grand Theft Auto V,live,RPZIN,5389,2022-03-28T21:35:40Z,pt,https://static-cdn.jtvnw.net/previews-ttv/live_user_defantediogo-{width}x{height}.jpg,['39ee8140-901a-4762-bfca-8260dea1310f'],True,305461,2301302
45999684269,70142975,andypsx,Andypsx,498566,Slots,live,üöÄ BONUS BOOST 63.000$ - BET 50$ +10.000$ CASH RAWüöÄUNETE A LA COMUNIDAD Y MAS!!! !ou - STREAM +18,5384,2022-03-28T20:56:54Z,es,https://static-cdn.jtvnw.net/previews-ttv/live_user_andypsx-{width}x{height}.jpg,['d4bb9c58-2141-4881-bcdc-3fe0505457d1'],True,69753,3529941
45997071949,132004305,darumaisgod,„Å†„Çã„Åæ„ÅÑ„Åö„Åî„Å£„Å©,21779,League of Legends,live,ËÖ´„ÇåÁâ©„Ç´„Çπ„Çø„É†,5329,2022-03-28T15:16:54Z,ja,https://static-cdn.jtvnw.net/previews-ttv/live_user_darumaisgod-{width}x{height}.jpg,['6ba1d230-e52f-4d81-b1e0-41f25a8a9f5d'],False,213230,2173308
45998585837,94875296,lululuvely,LuluLuvely,511224,Apex Legends,live,NRG Lulu - only cuties can click this stream - follow me on !twitter @ lululuvely,5273,2022-03-28T18:38:18Z,en,https://static-cdn.jtvnw.net/previews-ttv/live_user_lululuvely-{width}x{height}.jpg,['6ea6bca4-4712-4ab9-a906-e3336a9d8039'],False,1250669,29770705
45985227533,181077473,gaules,Gaules,490393,Motorsport Manager,live,Rerun: Alastro Total - Siga @Gaules nas redes sociais,5208,2022-03-27T11:03:54Z,pt,https://static-cdn.jtvnw.net/previews-ttv/live_user_gaules-{width}x{height}.jpg,['39ee8140-901a-4762-bfca-8260dea1310f'],True,3352803,397383536
45084263340,75830338,zanoxvii,ZanoXVII,33214,Fortnite,live,HUGE CONTENT Slap  !FREEPACK !PRIME !SUB,5149,2022-03-28T19:21:20Z,it,https://static-cdn.jtvnw.net/previews-ttv/live_user_zanoxvii-{width}x{height}.jpg,['5b9935eb-1e9a-4217-98ad-62bda5cff0d1'],False,1480266,29553365
46001360125,561111389,martinciriook,MartinCirioOk,509658,Just Chatting,live,WILL SMITH DRAMA,5027,2022-03-29T00:03:12Z,es,https://static-cdn.jtvnw.net/previews-ttv/live_user_martinciriook-{width}x{height}.jpg,"['afc8211a-8eee-48b8-9e18-212f22f657db', 'd4bb9c58-2141-4881-bcdc-3fe0505457d1']",False,53269,262571
45997031421,44525650,k4sen,k4sen,21779,League of Legends,live,„ÇÅ„Å£„Å°„ÇÉÈ´ò„É©„É≥„ÇØLoL„Ç´„Çπ„Çø„É†„Å´„Å™„Å£„Å°„ÇÉ„Å£„Åü,4938,2022-03-28T15:10:32Z,ja,https://static-cdn.jtvnw.net/previews-ttv/live_user_k4sen-{width}x{height}.jpg,['6ba1d230-e52f-4d81-b1e0-41f25a8a9f5d'],False,251559,9101369
40667842491,132279966,tvander,tvandeR,509658,Just Chatting,live,üåù streameo 10 horas y duermo 11,4933,2022-03-28T23:00:23Z,es,https://static-cdn.jtvnw.net/previews-ttv/live_user_tvander-{width}x{height}.jpg,"['d4bb9c58-2141-4881-bcdc-3fe0505457d1', '653ad792-5ec6-4bd9-aeb6-8a70b32f1ee4']",False,496131,18261694
46000707149,124420521,lcs,LCS,21779,League of Legends,live,C9A vs DIGA | Round 3 | 2022 Spring LCS Proving Grounds Powered by Verizon,4930,2022-03-28T22:57:07Z,en,https://static-cdn.jtvnw.net/previews-ttv/live_user_lcs-{width}x{height}.jpg,"['36a89a80-4fcd-4b74-b3d2-2c6fd9b30c95', '6ea6bca4-4712-4ab9-a906-e3336a9d8039']",False,1754651,163220049
46000420701,133926538,saadhak,Saadhak,516575,VALORANT,live,LOUD Saadhak | ISL√ÇNDIA √â LOGO ALI ü•∂ | !TikTok !youtube !masters,4842,2022-03-28T22:24:23Z,pt,https://static-cdn.jtvnw.net/previews-ttv/live_user_saadhak-{width}x{height}.jpg,['39ee8140-901a-4762-bfca-8260dea1310f'],False,102444,1658992
46001346621,37522866,cyr,cyr,509658,Just Chatting,live,ITALY FOR 21 DAYS WITH ANDY MILONAKIS & RICH CAMPBELL (LEAVING ON THE 31st),4816,2022-03-29T00:02:05Z,en,https://static-cdn.jtvnw.net/previews-ttv/live_user_cyr-{width}x{height}.jpg,['6ea6bca4-4712-4ab9-a906-e3336a9d8039'],True,529812,19315557
39608804649,143179777,agustinunaplay8,AgustinUnaplay8,491487,Dead by Daylight,live,DIA 49üçü - SOLO UN CHICO RANDOM JUGANDO HASTA QUE LE DE HAMBRE üçü,4737,2022-03-29T00:05:25Z,es,https://static-cdn.jtvnw.net/previews-ttv/live_user_agustinunaplay8-{width}x{height}.jpg,"['c2839af5-f1d2-46c4-8edc-1d0bfbd85070', 'd4bb9c58-2141-4881-bcdc-3fe0505457d1']",False,104134,817631
45996234669,73437396,bonjwa,Bonjwa,,,live,Streamende,4715,2022-03-28T13:02:33Z,de,https://static-cdn.jtvnw.net/previews-ttv/live_user_bonjwa-{width}x{height}.jpg,"['9166ad14-41f1-4b04-a3b8-c8eb838c6be6', 'bfedff64-c53a-4e6f-bda4-9eeb36dc8853']",False,208297,82955074
45078940732,57292293,ratirl,RATIRL,512953,Elden Ring,live,Exploring inseach of THE PotUNCAPPED day 6 Subathon  1sub=50sec  [Ratuber]  :smirkface:  ü•©üç∏,4658,2022-03-28T01:09:03Z,en,https://static-cdn.jtvnw.net/previews-ttv/live_user_ratirl-{width}x{height}.jpg,"['c2839af5-f1d2-46c4-8edc-1d0bfbd85070', '6ea6bca4-4712-4ab9-a906-e3336a9d8039', '52d7e4cc-633d-46f5-818c-bb59102d9549']",True,706432,45372174
45999982269,119310350,pipepunk,PipePunk,23020,Roblox,live,Ven a preguntarme porque estoy rojo jaja,4649,2022-03-28T21:32:37Z,es,https://static-cdn.jtvnw.net/previews-ttv/live_user_pipepunk-{width}x{height}.jpg,"['c2839af5-f1d2-46c4-8edc-1d0bfbd85070', 'd4bb9c58-2141-4881-bcdc-3fe0505457d1']",False,1183723,8457157
45084946092,87803283,the_happy_hob,The_Happy_Hob,512953,Elden Ring,live,No Slap Run - Actaul Attemps [v.1.02 first then 1.03] [Chapter 2076: GI Jane 2],4600,2022-03-28T20:33:08Z,en,https://static-cdn.jtvnw.net/previews-ttv/live_user_the_happy_hob-{width}x{height}.jpg,['6ea6bca4-4712-4ab9-a906-e3336a9d8039'],True,287825,20901184
45996153933,112618532,ale_apoka,ale_apoka,32399,Counter-Strike: Global Offensive,live,OS DONOS DA BALA !cortes !keydrop !sorteio,4556,2022-03-28T12:50:05Z,pt,https://static-cdn.jtvnw.net/previews-ttv/live_user_ale_apoka-{width}x{height}.jpg,"['39ee8140-901a-4762-bfca-8260dea1310f', '1eba3cfe-51cc-460a-8259-bc8bb987f904', 'ac763b17-7bea-4632-9eb4-d106689ff409']",True,189266,5620481
46000020685,781829091,elchiringuitodejug1,elchiringuitodejug1,518203,Sports,live,üî• EL CHIRINGUITO DE JUGONES üî• En directo,4435,2022-03-28T21:37:29Z,es,https://static-cdn.jtvnw.net/previews-ttv/live_user_elchiringuitodejug1-{width}x{height}.jpg,"['d4bb9c58-2141-4881-bcdc-3fe0505457d1', '4ada413e-c7c4-4fc0-b3d6-ce4b98e0d5e3']",False,2715,13692
45085394844,14408894,cdnthe3rd,CDNThe3rd,33214,Fortnite,live,"Last Day of All Battle, No Building?! üò•.. Better not be. | Socials: @CDNThe3rd | [+]",4426,2022-03-28T21:31:19Z,en,https://static-cdn.jtvnw.net/previews-ttv/live_user_cdnthe3rd-{width}x{height}.jpg,"['d6bf03b8-42f4-4981-b070-841c7457a9aa', 'ca470745-c1df-4c11-9474-9ab79dfc1863', 'ba2c968b-867a-49ce-aebc-3d978a204f4a', '6ea6bca4-4712-4ab9-a906-e3336a9d8039']",False,2029338,69166257
45997772141,30079255,huskerrs,HusKerrs,512710,Call of Duty: Warzone,live,$800 2v2 Wagers w/ Colors // Follow @HusKerrs on all socials!,4422,2022-03-28T16:59:27Z,en,https://static-cdn.jtvnw.net/previews-ttv/live_user_huskerrs-{width}x{height}.jpg,['6ea6bca4-4712-4ab9-a906-e3336a9d8039'],False,984597,39047006
45082963164,100901794,shylily,Shylily,497388,A Way Out,live,ü¶ê COLLAB WITH LAYNALAZAR - LEWD ORCA ALWAYS ON TIME!  MADGE„ÄäVTuber„Äã!GG !discord !socials,4419,2022-03-28T17:14:23Z,en,https://static-cdn.jtvnw.net/previews-ttv/live_user_shylily-{width}x{height}.jpg,"['6ea6bca4-4712-4ab9-a906-e3336a9d8039', '6606e54c-f92d-40f6-8257-74977889ccdd', 'eaba0ad7-c4e1-4878-b37f-01308dbb65c8', '2a14b52e-d459-4c92-be11-5d86b898f6b6']",True,306861,3566811
45999847901,96858382,erobb221,erobb221,27471,Minecraft,live,WOO WEE MAMA,4373,2022-03-28T21:15:56Z,en,https://static-cdn.jtvnw.net/previews-ttv/live_user_erobb221-{width}x{height}.jpg,"['093c109e-e2c8-4ad6-9bd5-edf640cf3bf2', '79713d37-6d2e-4953-b55b-8f47bb9caf72', '6ea6bca4-4712-4ab9-a906-e3336a9d8039']",False,367618,11301607
45998791149,431679357,bruninzor,Bruninzor,32982,Grand Theft Auto V,live,Bruninho [GTA RP Cidade Alta],4267,2022-03-28T19:03:21Z,pt,https://static-cdn.jtvnw.net/previews-ttv/live_user_bruninzor-{width}x{height}.jpg,['39ee8140-901a-4762-bfca-8260dea1310f'],False,411187,3936540
45999182525,11001241,kyr_sp33dy,KYR_SP33DY,510218,Among Us,live,Among Us Then Minecraft Probably!!,4191,2022-03-28T19:54:17Z,en,https://static-cdn.jtvnw.net/previews-ttv/live_user_kyr_sp33dy-{width}x{height}.jpg,['6ea6bca4-4712-4ab9-a906-e3336a9d8039'],False,786311,13182021
45998367101,152633332,knekro,knekro,33214,Fortnite,live,"Otro dia mas Kenkri carreando a los malitos, asi soy | CODIGO KNEKRO EN LA TIENDA UWU",4187,2022-03-28T18:11:19Z,es,https://static-cdn.jtvnw.net/previews-ttv/live_user_knekro-{width}x{height}.jpg,['d4bb9c58-2141-4881-bcdc-3fe0505457d1'],False,794843,63120512
40667684427,104320683,move_mind,Move_Mind,32982,Grand Theft Auto V,live,| VRRP | Rumo aos 30 aninhos com o H√©lder Conduto !savethechildren !youtube !vlog !grand,4152,2022-03-28T21:41:38Z,pt,https://static-cdn.jtvnw.net/previews-ttv/live_user_move_mind-{width}x{height}.jpg,['39ee8140-901a-4762-bfca-8260dea1310f'],True,161548,10557536
46000769709,245226810,jelty,Jelty,879648744,Wordle,live,üëæCHILL VIBESüëæ !CARRO || !exitlag !code !redes,4043,2022-03-28T23:02:32Z,es,https://static-cdn.jtvnw.net/previews-ttv/live_user_jelty-{width}x{height}.jpg,['d4bb9c58-2141-4881-bcdc-3fe0505457d1'],False,2683640,78115290
39607976425,24124090,datmodz,DatModz,490100,Lost Ark,live,#1 F2P 1400 iLvL+ GIGACHAD Argos Slaying Farmer - Starting 100% Adventure's Tome Completion | !Gearing101 !Guides,3996,2022-03-28T18:56:25Z,en,https://static-cdn.jtvnw.net/previews-ttv/live_user_datmodz-{width}x{height}.jpg,"['67259b26-ff83-444e-9d3c-faab390df16f', '6ea6bca4-4712-4ab9-a906-e3336a9d8039', 'aeab850d-94ec-4af5-89a0-9eb1bf41558d', 'cea7bc0c-75a5-4446-8743-6db031b71550', '7cefbf30-4c3e-4aa7-99cd-70aabb662f27', '3379ff9c-3c15-4bef-bfb8-2085cd196062']",False,332321,47793692
45999672029,61519248,unicornio,unicornio,33214,Fortnite,live,TIRITO CON LIT Y MI PRIMO CARRE :p,3992,2022-03-28T20:55:25Z,es,https://static-cdn.jtvnw.net/previews-ttv/live_user_unicornio-{width}x{height}.jpg,['d4bb9c58-2141-4881-bcdc-3fe0505457d1'],True,738953,13862461
40667824251,53904523,thechief1114,TheChief1114,32982,Grand Theft Auto V,live,Fingle Dan - NoPixel,3931,2022-03-28T22:52:52Z,en,https://static-cdn.jtvnw.net/previews-ttv/live_user_thechief1114-{width}x{height}.jpg,['6ea6bca4-4712-4ab9-a906-e3336a9d8039'],False,213503,5797571
46001334861,40017619,doublelift,Doublelift,21779,League of Legends,live,look up pokemon #591,3856,2022-03-29T00:01:11Z,en,https://static-cdn.jtvnw.net/previews-ttv/live_user_doublelift-{width}x{height}.jpg,['6ea6bca4-4712-4ab9-a906-e3336a9d8039'],False,1673095,101151072
39607887561,89951849,lukisteve,LukiSteve,509658,Just Chatting,live,qjksdhfkljsDNFJLHASDFasyudgfkuasbfhjkagbskfhgaksdf??? ü§£ü§£ü§£,3844,2022-03-28T18:18:29Z,pl,https://static-cdn.jtvnw.net/previews-ttv/live_user_lukisteve-{width}x{height}.jpg,['f9d04efa-6e25-49bf-bf0a-da3e2addaf1b'],False,206307,4623934
45081723260,62470768,gtawiseguy,GTAWiseGuy,32982,Grand Theft Auto V,live,Goofy vs Arnie | NoPixel WL !twitter,3677,2022-03-28T14:30:22Z,en,https://static-cdn.jtvnw.net/previews-ttv/live_user_gtawiseguy-{width}x{height}.jpg,"['6ea6bca4-4712-4ab9-a906-e3336a9d8039', '0cb7e377-a308-44e8-91f7-07eea1d96129']",True,280401,22212267
45087515532,59299632,adinross,AdinRoss,498566,Slots,live,GAMBLING 18+ #ad,36613,2022-03-29T02:45:43Z,en,https://static-cdn.jtvnw.net/previews-ttv/live_user_adinross-{width}x{height}.jpg,['6ea6bca4-4712-4ab9-a906-e3336a9d8039'],False,5816995,50663410
46003570317,146922206,tsm_imperialhal,TSM_ImperialHal,511224,Apex Legends,live,Playing til my brain falls out | !glytch !aimlab !tsm | TSMFTX,17801,2022-03-29T03:53:02Z,en,https://static-cdn.jtvnw.net/previews-ttv/live_user_tsm_imperialhal-{width}x{height}.jpg,['6ea6bca4-4712-4ab9-a906-e3336a9d8039'],False,1412558,67910782
40668934587,50988750,stylishnoob4,stylishnoob4,509672,Travel & Outdoors,live,ÈÖç‰ø°ÊäÄÁ†î Ê©üÊùê Â§ñÈÖç‰ø°„ÉÜ„Çπ„Éà,17796,2022-03-29T07:56:56Z,ja,https://static-cdn.jtvnw.net/previews-ttv/live_user_stylishnoob4-{width}x{height}.jpg,['6ba1d230-e52f-4d81-b1e0-41f25a8a9f5d'],False,786077,126185223
46003616269,66375105,zilioner,ÎßµÏ∞åÎ¶¨Ïπ®Ï∞©Îß®,17777,Phoenix Wright: Ace Attorney,live,Ïπ®&ÌéÑ Ïó≠Ï†ÑÏû¨Ìåê 3 ÏóêÌîºÏÜåÎìú 5 Ï≤´Î≤àÏß∏ Ïû¨ÌåêÍπåÏßÄ,12120,2022-03-29T03:59:04Z,ko,https://static-cdn.jtvnw.net/previews-ttv/live_user_zilioner-{width}x{height}.jpg,['ab2975e3-b9ca-4b1a-a93e-fb61a5d5c3a4'],False,649896,72863356
46001220877,45302947,iitztimmy,iiTzTimmy,33214,Fortnite,live,FORK NUT // Follow my socials @iiTzTimmy,11144,2022-03-28T23:50:51Z,en,https://static-cdn.jtvnw.net/previews-ttv/live_user_iitztimmy-{width}x{height}.jpg,['6ea6bca4-4712-4ab9-a906-e3336a9d8039'],False,1791971,44576733
39608959273,128002336,s0mcs,s0mcs,516575,VALORANT,live,NRG s0m W STREAMER | !discord !youtube !socials | FOLLOW MY !instagram @s0m_oh,10350,2022-03-29T00:51:02Z,en,https://static-cdn.jtvnw.net/previews-ttv/live_user_s0mcs-{width}x{height}.jpg,['6ea6bca4-4712-4ab9-a906-e3336a9d8039'],False,546961,16606413
46003875485,92113890,midbeast,midbeast,21779,League of Legends,live,i got banned? !superserver | Follow my journey on !instagram,10216,2022-03-29T04:36:31Z,en,https://static-cdn.jtvnw.net/previews-ttv/live_user_midbeast-{width}x{height}.jpg,"['9e1c4d59-fb88-4b42-99ce-b2776358c547', '6606e54c-f92d-40f6-8257-74977889ccdd', '7199189a-0569-4854-908e-08e6c3667379', '048c2c71-5ba9-4d71-b82e-8e0ed72a4785', '93c8adee-d831-46c1-ac12-3d320123a9b6', '6ea6bca4-4712-4ab9-a906-e3336a9d8039']",False,677908,41999657
46004138173,445529741,kyedae,Kyedae,516575,VALORANT,live,LIL TATO STREAM,8903,2022-03-29T05:21:19Z,en,https://static-cdn.jtvnw.net/previews-ttv/live_user_kyedae-{width}x{height}.jpg,['6ea6bca4-4712-4ab9-a906-e3336a9d8039'],False,1397260,29486284
46004650557,153670212,topsonous,Topsonous,29595,Dota 2,live,casual gamer !Nordvpn !Gamerzclass,8861,2022-03-29T07:19:53Z,en,https://static-cdn.jtvnw.net/previews-ttv/live_user_topsonous-{width}x{height}.jpg,['6ea6bca4-4712-4ab9-a906-e3336a9d8039'],True,380183,9800016
46004436317,205218019,el_yuste,el_yuste,509658,Just Chatting,live,elxokas ha vuelto. El Setup de Grefg. El gran fichaje de KOI. One Piece Odyssey y m√°s.  !eneba !dolcegusto !nordvpn,8143,2022-03-29T06:24:44Z,es,https://static-cdn.jtvnw.net/previews-ttv/live_user_el_yuste-{width}x{height}.jpg,['d4bb9c58-2141-4881-bcdc-3fe0505457d1'],False,97861,2633079
46004910797,59308271,tfblade,TFBlade,21779,League of Legends,live,Challenger 697 LP START - !youtube,8137,2022-03-29T08:36:17Z,en,https://static-cdn.jtvnw.net/previews-ttv/live_user_tfblade-{width}x{height}.jpg,"['69318d09-f132-4853-b4b6-09a0580f7092', '6ea6bca4-4712-4ab9-a906-e3336a9d8039']",False,1176852,95641510
45087769820,217965779,punz,Punz,33214,Fortnite,live,a little fortnite,6567,2022-03-29T03:48:00Z,en,https://static-cdn.jtvnw.net/previews-ttv/live_user_punz-{width}x{height}.jpg,['6ea6bca4-4712-4ab9-a906-e3336a9d8039'],False,1387599,17727447
46004506877,77415295,jasper7se,Jasper7se,21779,League of Legends,live,„ÇØ„É©„ÉÉ„Ç∑„É•„Å´Âêë„Åë„Å¶ „Ç¨„ÉÅ„É©„É≥„ÇØ,6491,2022-03-29T06:41:53Z,ja,https://static-cdn.jtvnw.net/previews-ttv/live_user_jasper7se-{width}x{height}.jpg,['6ba1d230-e52f-4d81-b1e0-41f25a8a9f5d'],False,260326,31146280
45088244204,112614670,hakumai,hakumai,26936,Music,live,‚ô° | !boosty ‚ô° !own ‚ô° !youtube,6435,2022-03-29T06:56:00Z,en,https://static-cdn.jtvnw.net/previews-ttv/live_user_hakumai-{width}x{height}.jpg,"['6ea6bca4-4712-4ab9-a906-e3336a9d8039', '9d0e6082-403a-4693-b3a9-cc7de4c84866', '04b4aaaa-c410-4c2e-9beb-da3896fc7d22', '6606e54c-f92d-40f6-8257-74977889ccdd', '325f7a22-26f4-4ad7-be48-f464de0b89ce']",False,145377,10664871
46001588541,38881685,boxbox,boxbox,513143,Teamfight Tactics,live,ok i climb again !Kickstarter !Hellofresh | LAST DAY OF GFUEL SALE code: BoxBox,5979,2022-03-29T00:25:56Z,en,https://static-cdn.jtvnw.net/previews-ttv/live_user_boxbox-{width}x{height}.jpg,['6ea6bca4-4712-4ab9-a906-e3336a9d8039'],False,1999447,124591257
46004684733,635805737,lckcl,LCKCL,21779,League of Legends,live,DK vs KT„Ö£PLAYOFFS ROUND 2 MATCH 2„Ö£2022 LCK CL Spring,5563,2022-03-29T07:29:47Z,ko,https://static-cdn.jtvnw.net/previews-ttv/live_user_lckcl-{width}x{height}.jpg,"['e85e4ccb-41fa-45b4-9c3a-f37807af3a5a', 'ab2975e3-b9ca-4b1a-a93e-fb61a5d5c3a4']",False,54353,5064282
45997384093,503952402,chihiro2434,chihiro2434,511224,Apex Legends,live,APEX „Éó„É¨„Éû„Çπ„É©„É≥„ÇØ,5474,2022-03-28T16:04:49Z,ja,https://static-cdn.jtvnw.net/previews-ttv/live_user_chihiro2434-{width}x{height}.jpg,"['6ba1d230-e52f-4d81-b1e0-41f25a8a9f5d', '52d7e4cc-633d-46f5-818c-bb59102d9549']",False,38484,204901
39609305513,29400754,lacari,Lacari,512953,Elden Ring,live,YUGGIE TEACHES ME HOW TO PLAY ELDEN RING,5356,2022-03-29T02:38:04Z,en,https://static-cdn.jtvnw.net/previews-ttv/live_user_lacari-{width}x{height}.jpg,"['6ea6bca4-4712-4ab9-a906-e3336a9d8039', '52d7e4cc-633d-46f5-818c-bb59102d9549', 'a005b174-b20e-46b1-8679-4589fef81c8e', '8486f56b-8677-44f7-8004-000295391524', '1eba3cfe-51cc-460a-8259-bc8bb987f904', '3280c8d8-64c0-45f7-aeaa-189928b0e82c']",True,267581,13469140
46003431133,115590970,daigothebeastv,DaigoTheBeasTV,488615,Street Fighter V,live,„Çπ„Éà5,5343,2022-03-29T03:34:39Z,ja,https://static-cdn.jtvnw.net/previews-ttv/live_user_daigothebeastv-{width}x{height}.jpg,['6ba1d230-e52f-4d81-b1e0-41f25a8a9f5d'],False,229984,18103371
39609293177,77840050,meatwrist,Meatwrist,509110,Risk of Rain 2,live,Avoiding RP burnout and playing some games | What are we DOING tonight? | !cg !social,5321,2022-03-29T02:33:28Z,en,https://static-cdn.jtvnw.net/previews-ttv/live_user_meatwrist-{width}x{height}.jpg,"['6ea6bca4-4712-4ab9-a906-e3336a9d8039', '0cb7e377-a308-44e8-91f7-07eea1d96129']",False,34676,743990
46002607773,48827570,saintone,Saintone,490100,Lost Ark,live,weekly wrap-up | Hell Kakul tomorrow | Read: !faq !guide,5047,2022-03-29T02:03:59Z,en,https://static-cdn.jtvnw.net/previews-ttv/live_user_saintone-{width}x{height}.jpg,"['6ea6bca4-4712-4ab9-a906-e3336a9d8039', 'cea7bc0c-75a5-4446-8743-6db031b71550']",False,97195,3822111
40668742091,641991386,lco,LCO,21779,League of Legends,live,The Chiefs vs Pentanet.GG | Playoffs Day 2 | 2022 LCO Split 1 Delivered by Menulog,4790,2022-03-29T06:07:39Z,en,https://static-cdn.jtvnw.net/previews-ttv/live_user_lco-{width}x{height}.jpg,['6ea6bca4-4712-4ab9-a906-e3336a9d8039'],False,25815,4977471
46002038125,70880222,smoke,Smoke,65632,DayZ,live,DayZ Survival - Day 1067,4734,2022-03-29T01:09:01Z,en,https://static-cdn.jtvnw.net/previews-ttv/live_user_smoke-{width}x{height}.jpg,['6ea6bca4-4712-4ab9-a906-e3336a9d8039'],False,255850,15501768
45088374220,23857542,preachlfw,Preachlfw,24241,Final Fantasy XIV Online,live,MSQ HYPERS - RIDING HOME CONFIRMED | !nordvpn !displate,4730,2022-03-29T07:53:42Z,en,https://static-cdn.jtvnw.net/previews-ttv/live_user_preachlfw-{width}x{height}.jpg,['6ea6bca4-4712-4ab9-a906-e3336a9d8039'],True,274798,15989957
45087699628,61433001,lospollostv,LosPollosTV,509658,Just Chatting,live,RATING VIEWERS HAIRCUTS #LosCut - VIDS - MORE,4728,2022-03-29T03:29:00Z,en,https://static-cdn.jtvnw.net/previews-ttv/live_user_lospollostv-{width}x{height}.jpg,['6ea6bca4-4712-4ab9-a906-e3336a9d8039'],False,655143,22972471
45999923213,267635380,luquet4,LuquEt4,32982,Grand Theft Auto V,live,CPX - üî•RED BEIRAMARüî•| DIA DE GUERRA?! #150k,4668,2022-03-28T21:25:20Z,pt,https://static-cdn.jtvnw.net/previews-ttv/live_user_luquet4-{width}x{height}.jpg,['39ee8140-901a-4762-bfca-8260dea1310f'],True,142608,4077220
46004452285,107305687,ray__c,Ray__C,32982,Grand Theft Auto V,live,INTERCEPTOR PURSUIT TRIALS TONIGHT + HEARTBEAT MONITOR!!  ~ Officer Raycardo Flick + NEW EMOTES!!!! | NoPixel WL | !socials !master #ad,4600,2022-03-29T06:28:33Z,en,https://static-cdn.jtvnw.net/previews-ttv/live_user_ray__c-{width}x{height}.jpg,['6ea6bca4-4712-4ab9-a906-e3336a9d8039'],False,495565,21669403
46004762413,181357564,tolkinlol,TolkinLoL,21779,League of Legends,live,Heute Midlane meine Zuckerhasen,4553,2022-03-29T07:52:45Z,de,https://static-cdn.jtvnw.net/previews-ttv/live_user_tolkinlol-{width}x{height}.jpg,['9166ad14-41f1-4b04-a3b8-c8eb838c6be6'],False,181028,11384158
46004024749,152596920,lol_ambition,Ïï∞ÎπÑÏÖò_,21779,League of Legends,live,Î°§ÏùÄ Î™ªÌïòÏßÄÎßå Ïï†Îäî Ï∞©Ìï¥,4492,2022-03-29T05:01:09Z,ko,https://static-cdn.jtvnw.net/previews-ttv/live_user_lol_ambition-{width}x{height}.jpg,['ab2975e3-b9ca-4b1a-a93e-fb61a5d5c3a4'],False,456575,54227449
39609470617,535222805,pwrdesports1,PWRDEsports1,29595,Dota 2,live,DPC China Spring Tour | RNG vs LBZS Bo3,4387,2022-03-29T03:44:32Z,en,https://static-cdn.jtvnw.net/previews-ttv/live_user_pwrdesports1-{width}x{height}.jpg,['6ea6bca4-4712-4ab9-a906-e3336a9d8039'],False,51664,5127039
46004099789,172376071,maxim,maxim,512953,Elden Ring,live,"Erst Sport, dann Elden Ring, dann etwas Neues!",4260,2022-03-29T05:14:06Z,de,https://static-cdn.jtvnw.net/previews-ttv/live_user_maxim-{width}x{height}.jpg,['9166ad14-41f1-4b04-a3b8-c8eb838c6be6'],True,429670,21896381
46003960637,72480716,tonton,Tonton,494552,The Last of Us Part II,live,[PS5 60 FPS] THE LAST OF US 2 - EP01,4259,2022-03-29T04:50:27Z,fr,https://static-cdn.jtvnw.net/previews-ttv/live_user_tonton-{width}x{height}.jpg,"['6f655045-9989-4ef7-8f85-1edcec42d648', 'cea7bc0c-75a5-4446-8743-6db031b71550']",False,358783,36202034
39609793385,63667409,justcooman,JustCooman,29595,Dota 2,live,https://t.me/coomanfuntg –∫—Ä—É—Ç–µ—Ü–∫–∏–π —Ç–µ–ª–µ–≥—Ä–∞–º–º –∫–∞–Ω–∞–ª!,4196,2022-03-29T07:07:37Z,ru,https://static-cdn.jtvnw.net/previews-ttv/live_user_justcooman-{width}x{height}.jpg,['0569b171-2a2b-476e-a596-5bdfb45a1327'],False,247822,23984352
40668924619,124425627,lpl,LPL,21779,League of Legends,live,WBG VS. EDG - Playoffs Match 2 Round 2 | LPL Spring Split (2022),4176,2022-03-29T07:51:12Z,en,https://static-cdn.jtvnw.net/previews-ttv/live_user_lpl-{width}x{height}.jpg,"['36a89a80-4fcd-4b74-b3d2-2c6fd9b30c95', '6ea6bca4-4712-4ab9-a906-e3336a9d8039']",False,816441,107714156
46004781293,164459256,paka9999,ÌååÏπ¥9999,21779,League of Legends,live,4Ïãú Ïñ∏Ï†ÄÎ¶¨,4147,2022-03-29T07:58:23Z,ko,https://static-cdn.jtvnw.net/previews-ttv/live_user_paka9999-{width}x{height}.jpg,['ab2975e3-b9ca-4b1a-a93e-fb61a5d5c3a4'],False,375618,24077025
46003470541,48093884,sweetcampercs,ÈæúÁãó,511224,Apex Legends,live,üê¢ÁòãÁãóÂ®õÊ®Ç ÈæúÁãóüê¢ 43460 !VPN,4083,2022-03-29T03:39:41Z,zh,https://static-cdn.jtvnw.net/previews-ttv/live_user_sweetcampercs-{width}x{height}.jpg,['74c92063-a389-4fd2-8460-b1bb82b04ec7'],True,248457,36426674
39609858361,39176562,ceh9,ceh9,509658,Just Chatting,live,"!VPN –í—Ç–æ—Ä–∂–µ–Ω–∏–µ –†–æ—Å—Å–∏–∏ –≤ –£–∫—Ä–∞–∏–Ω—É, 34 –î–ï–ù–¨ –∞–≥—Ä–µ—Å—Å–∏–∏ - —É—Ç—Ä–æ",3798,2022-03-29T08:02:53Z,ru,https://static-cdn.jtvnw.net/previews-ttv/live_user_ceh9-{width}x{height}.jpg,"['8bbdb07d-df18-4f82-a928-04a9003e9a7e', 'd361ae0c-93c7-46af-8c66-71192de15d68', '8c0ddcdd-49c0-4725-96d1-02caf6d1401c', 'a3cf86b7-90a4-409d-be29-e672c6c6e8fd', '340f150f-3371-4055-9350-5c559ea913ca', '0569b171-2a2b-476e-a596-5bdfb45a1327']",False,699761,44538023
46004024989,53395686,qq7925168,ËñõÂñú,138585,Hearthstone,live,ÂæåËøΩÊ®°Âºè ÈñãÂïü,3742,2022-03-29T05:01:12Z,zh,https://static-cdn.jtvnw.net/previews-ttv/live_user_qq7925168-{width}x{height}.jpg,['74c92063-a389-4fd2-8460-b1bb82b04ec7'],False,69815,12199806
40668705995,773355733,halliezhmdz,halliezhmdz,,,live,,3693,2022-03-29T05:47:41Z,en,https://static-cdn.jtvnw.net/previews-ttv/live_user_halliezhmdz-{width}x{height}.jpg,['6ea6bca4-4712-4ab9-a906-e3336a9d8039'],True,675,609059
46004320093,58352686,superjj102,superjj102,138585,Hearthstone,live,I¬¥m very special! | !youtube https://youtu.be/qisox6aeYus,3691,2022-03-29T05:58:42Z,en,https://static-cdn.jtvnw.net/previews-ttv/live_user_superjj102-{width}x{height}.jpg,['6ea6bca4-4712-4ab9-a906-e3336a9d8039'],False,146151,13207932
46001926477,149397653,runner0608,Îü¨ÎÑàÍµê,512708,Mahjong Soul,live,ÏïàÎÖïÌïòÏÑ∏Ïöî,3608,2022-03-29T00:59:41Z,ko,https://static-cdn.jtvnw.net/previews-ttv/live_user_runner0608-{width}x{height}.jpg,['ab2975e3-b9ca-4b1a-a93e-fb61a5d5c3a4'],False,241882,24636010
45088401100,117168642,chowh1,chowh1,512710,Call of Duty: Warzone,live,üî• „ÅÇ„Å™„Åü„ÅåÊúÄÈ´ò„Å´„Å™„Çä„Åü„ÅÑ„Å™„Çâ„ÄÅ„ÅÇ„Å™„Åü„ÅØÊúÄÈ´ò„ÇíÊâì„Å°Ë≤†„Åã„ÅôÂøÖË¶Å„Åå„ÅÇ„Çä„Åæ„Åô  üî• !vpn,3489,2022-03-29T08:03:40Z,fr,https://static-cdn.jtvnw.net/previews-ttv/live_user_chowh1-{width}x{height}.jpg,['6f655045-9989-4ef7-8f85-1edcec42d648'],True,570303,29761025
45087293244,29795919,nl_kripp,nl_Kripp,29307,Path of Exile,live,Animate Guardian Leveling to 99 | We Went To A Hotel Made of Ice! https://youtu.be/KNe4DDR6L0M,3456,2022-03-29T02:02:00Z,en,https://static-cdn.jtvnw.net/previews-ttv/live_user_nl_kripp-{width}x{height}.jpg,"['6ea6bca4-4712-4ab9-a906-e3336a9d8039', 'b157e8d6-b7ba-49f4-836f-09886c072f1f']",False,1399506,263725557
40668276971,7010591,uberhaxornova,UberHaxorNova,33214,Fortnite,live,Siz Mald then ??? | Liquid Library 2022 Hopium | check !paststreams,3300,2022-03-29T02:17:24Z,en,https://static-cdn.jtvnw.net/previews-ttv/live_user_uberhaxornova-{width}x{height}.jpg,['6ea6bca4-4712-4ab9-a906-e3336a9d8039'],False,524161,28510246
40668887067,760030352,migbizzy,migbizzy,32982,Grand Theft Auto V,live,‡πÄ‡∏ò‡∏≠‡∏Å‡∏•‡∏±‡∏ß‡πÄ‡∏î‡πá‡∏Å‡πÅ‡∏£‡πá‡∏û,3279,2022-03-29T07:29:42Z,th,https://static-cdn.jtvnw.net/previews-ttv/live_user_migbizzy-{width}x{height}.jpg,['f19c7524-c18d-41af-9f39-034c8d0b0fee'],False,50757,920597
45078893388,216764258,computerchess,computerchess,743,Chess,live,"Leela, Stockfish and other engines battle it out 24/7 in the Chess.com Computer Chess Championship! !contact !ccc !mouse",3264,2022-03-28T01:01:57Z,en,https://static-cdn.jtvnw.net/previews-ttv/live_user_computerchess-{width}x{height}.jpg,"['36a89a80-4fcd-4b74-b3d2-2c6fd9b30c95', '6ea6bca4-4712-4ab9-a906-e3336a9d8039']",False,16244,20213447
45088379884,505902512,samueletienne,samueletienne,509658,Just Chatting,live,"La Matin√©e Est Tienne, de l'actu, des journaux, du caf√©, des b√™tises",3190,2022-03-29T07:56:01Z,fr,https://static-cdn.jtvnw.net/previews-ttv/live_user_samueletienne-{width}x{height}.jpg,"['77017b7b-6b98-4f0d-bd39-3ba96b66ec7a', 'be60ae5e-d52d-4dc4-b2a1-51c351a35f3d', '6f655045-9989-4ef7-8f85-1edcec42d648']",False,477873,8965610
46004529117,11897156,roflgator,roflgator,27471,Minecraft,live,"Exploring with Kyo, Obama, your mom and the gang | !modpack",3184,2022-03-29T06:48:00Z,en,https://static-cdn.jtvnw.net/previews-ttv/live_user_roflgator-{width}x{height}.jpg,['6ea6bca4-4712-4ab9-a906-e3336a9d8039'],True,280344,13181417
46004315485,32402794,silent,Silent,32982,Grand Theft Auto V,live,SGT GARCIA AKA COP MAIN NOW | SileNt Live on !youtube,3111,2022-03-29T05:57:40Z,en,https://static-cdn.jtvnw.net/previews-ttv/live_user_silent-{width}x{height}.jpg,['6ea6bca4-4712-4ab9-a906-e3336a9d8039'],True,211292,11715701
39609713465,41314239,dafran,dafran,488552,Overwatch,live,4865 PEAK SR - EX-OWL - MANY RANK 1 - POSITIVITY - THE BEACON OF HOPE AND LIGHT WITHIN THE COMMUNITY - SPONSORED BY ZLeague #ad,3043,2022-03-29T06:06:04Z,en,https://static-cdn.jtvnw.net/previews-ttv/live_user_dafran-{width}x{height}.jpg,"['c1ea4496-4418-4a4f-bc30-083cfc6a616b', '589c4c39-a3cc-41fa-b70c-bf0b735fa21f', 'bbbce9d7-357d-4aec-bb08-a25718d36341', '07a1b526-3725-4ba5-8c53-efaad4941fb9', 'b7453475-5504-44aa-9b1c-6b4c885aeaf1', '6ea6bca4-4712-4ab9-a906-e3336a9d8039']",False,695973,33738201
46004035117,694037165,frankdimes,FrankDimes,498566,Slots,live,üé∞üé≤ 18+ | OPENING 48 BONUSES B/E 77X | OUTROSPINS AND OUTROBUYS | TY FOR FOLLOWING‚ù§Ô∏è,3040,2022-03-29T05:02:52Z,en,https://static-cdn.jtvnw.net/previews-ttv/live_user_frankdimes-{width}x{height}.jpg,['6ea6bca4-4712-4ab9-a906-e3336a9d8039'],True,38725,1209251
45088399484,121649330,method,Method,18122,World of Warcraft,live,üî¥METHOD Race to World First | !partners !casters !kill,3014,2022-03-29T08:03:00Z,en,https://static-cdn.jtvnw.net/previews-ttv/live_user_method-{width}x{height}.jpg,"['6ea6bca4-4712-4ab9-a906-e3336a9d8039', 'b13ce7d5-d513-49ff-a957-76f193df42aa', '7cefbf30-4c3e-4aa7-99cd-70aabb662f27']",False,376353,77855613
46003447629,161737008,kyootbot,kyootbot,509658,Just Chatting,live,‚ô• RABBIT-FIRE SPEED DATING ‚ô• | ‚ô• NOT IMPRESSED = KICK ‚ô• | ‚ô• dont be offended LOL ‚ô• | CHAT WILL RATE YOU! | !join,3009,2022-03-29T03:36:42Z,en,https://static-cdn.jtvnw.net/previews-ttv/live_user_kyootbot-{width}x{height}.jpg,"['396aee63-bb8a-43c4-95da-98fca08e144b', '2193eee1-b8f0-43bd-a6d9-dba8a67528a1', '8bbdb07d-df18-4f82-a928-04a9003e9a7e', '6ea6bca4-4712-4ab9-a906-e3336a9d8039']",True,266896,7661266
46004799197,37323664,sutanmi,„Çπ„Çø„É≥„Éü,21779,League of Legends,live,„Ç´„Çπ„Çø„É†„ÅßÂãù„Å§„Åü„ÇÅ„Å´„É¨„Éº„Éà„Çí‰∏ä„Åí„Å™„ÅÑ„Å®„ÅÑ„Åë„Å™„ÅÑ‚ÜíÁ≠ã„Éà„É¨ÔºíÔºëÊôÇÂçä„Åã„ÇâÔºãËÖπÁ≠ã,2981,2022-03-29T08:02:53Z,ja,https://static-cdn.jtvnw.net/previews-ttv/live_user_sutanmi-{width}x{height}.jpg,['6ba1d230-e52f-4d81-b1e0-41f25a8a9f5d'],False,153736,22842606
46003727101,490638667,rlgus1006,Í∞ÄÏû¨Îß®1234,21779,League of Legends,live,Ï±åÎ¶∞Ï†Ä) ÎÇòÎèÑ Ïå©Î∞∞ÌïúÎã§,2822,2022-03-29T04:13:56Z,ko,https://static-cdn.jtvnw.net/previews-ttv/live_user_rlgus1006-{width}x{height}.jpg,['ab2975e3-b9ca-4b1a-a93e-fb61a5d5c3a4'],False,137497,3947302
46000006653,248306987,defantediogo,defantediogo,32982,Grand Theft Auto V,live,RPZIN,2704,2022-03-28T21:35:40Z,pt,https://static-cdn.jtvnw.net/previews-ttv/live_user_defantediogo-{width}x{height}.jpg,['39ee8140-901a-4762-bfca-8260dea1310f'],True,308477,2331072
40668878827,26819117,melharucos,melharucos,130942,Factorio,live,!tg –ó–∞–≤–µ–ª –ó–∞–≤–æ–¥–∏–∫ :),2674,2022-03-29T07:24:45Z,ru,https://static-cdn.jtvnw.net/previews-ttv/live_user_melharucos-{width}x{height}.jpg,['0569b171-2a2b-476e-a596-5bdfb45a1327'],True,392365,80117633
40668444891,25202416,shuteye_orange,Ëù¶ÊÑõÊ©òÂ≠ê,509658,Just Chatting,live,‚≠êÂ•ß‰∏Å ÈñãÊâÅüéÅÁúãÂè∞ÈÄÅMYcardÈªûÊï∏ !MY„ÄêFWüçäËù¶ÊÑõÊ©òÂ≠ê„ÄëÈÅäÊà≤ÂêçÁ®± !ÈÅäÊà≤,2596,2022-03-29T03:33:02Z,zh,https://static-cdn.jtvnw.net/previews-ttv/live_user_shuteye_orange-{width}x{height}.jpg,"['74c92063-a389-4fd2-8460-b1bb82b04ec7', '068c541b-dc07-4d7f-a689-5578f90905a9', '1706e401-a023-49fc-9b10-7bf73f59c940']",True,121316,72033346
46004167133,156748712,yumyumyu77,ÏÜåÌíçÏôîÎãà,21779,League of Legends,live,Î™©Ìëú : ÌîåÎ†àÌã∞ÎÑò ÌòÑÏã§ : Ïã§Î≤Ñ4,2569,2022-03-29T05:26:51Z,ko,https://static-cdn.jtvnw.net/previews-ttv/live_user_yumyumyu77-{width}x{height}.jpg,['ab2975e3-b9ca-4b1a-a93e-fb61a5d5c3a4'],False,303854,57837436
46004453853,178932598,der_looper_,der_looper_,32982,Grand Theft Auto V,live,18+ (Immortal) Autohaus Black-Berger? !clips !tiktok,2568,2022-03-29T06:28:51Z,de,https://static-cdn.jtvnw.net/previews-ttv/live_user_der_looper_-{width}x{height}.jpg,"['9166ad14-41f1-4b04-a3b8-c8eb838c6be6', '0cb7e377-a308-44e8-91f7-07eea1d96129']",True,81905,2913443
46002551405,44338537,burkeblack,BurkeBlack,510825,Atlas,live,Darkside RP!!üíÄ !Epic Creator Code: BurkeBlack #EpicPartner üíÄ !GFN !NordVPN,2557,2022-03-29T01:59:30Z,en,https://static-cdn.jtvnw.net/previews-ttv/live_user_burkeblack-{width}x{height}.jpg,['6ea6bca4-4712-4ab9-a906-e3336a9d8039'],True,293260,34923302
45085394844,14408894,cdnthe3rd,CDNThe3rd,488436,Rivals of Aether,live,Rivals of AETHER! | Socials: @CDNThe3rd | [+],2552,2022-03-28T21:31:19Z,en,https://static-cdn.jtvnw.net/previews-ttv/live_user_cdnthe3rd-{width}x{height}.jpg,"['d6bf03b8-42f4-4981-b070-841c7457a9aa', 'ca470745-c1df-4c11-9474-9ab79dfc1863', 'ba2c968b-867a-49ce-aebc-3d978a204f4a', '6ea6bca4-4712-4ab9-a906-e3336a9d8039']",False,2029639,69184106
39609854409,30816637,admiralbulldog,AdmiralBulldog,509658,Just Chatting,live,Mald free stream !nordvpn,2505,2022-03-29T08:00:09Z,en,https://static-cdn.jtvnw.net/previews-ttv/live_user_admiralbulldog-{width}x{height}.jpg,['6ea6bca4-4712-4ab9-a906-e3336a9d8039'],True,765650,122071281
45088274588,105244994,quickhuntik,QUICKHUNTIK,29595,Dota 2,live,–°–¢–†–ò–ú –° –£–ò–õ–õ –°–ú–ò–¢–û–ú –ò –ö–†–ò–° –†–û–ö–û–ú –î–ï–ë–ê–¢–´,2478,2022-03-29T07:08:45Z,ru,https://static-cdn.jtvnw.net/previews-ttv/live_user_quickhuntik-{width}x{height}.jpg,['0569b171-2a2b-476e-a596-5bdfb45a1327'],False,316462,11563722
40668788571,123484627,iddqd,iddqd,32982,Grand Theft Auto V,live,Jesse BBMC // iddBongo has arrived. Chiww strim doe. !bangers,2474,2022-03-29T06:34:19Z,en,https://static-cdn.jtvnw.net/previews-ttv/live_user_iddqd-{width}x{height}.jpg,['6ea6bca4-4712-4ab9-a906-e3336a9d8039'],False,360225,14288001
45086297372,43204993,lilaggy,LilAggy,512953,Elden Ring,live,ALL REMEMBRANCES SPEEDRUN (1.02 / Sonaf route),2464,2022-03-28T23:38:23Z,en,https://static-cdn.jtvnw.net/previews-ttv/live_user_lilaggy-{width}x{height}.jpg,"['7cefbf30-4c3e-4aa7-99cd-70aabb662f27', '6ea6bca4-4712-4ab9-a906-e3336a9d8039']",False,55504,1028164
46002256525,29546745,wtf_winds123,Â§ß‰∏∏,517767,Odin: Valhalla Rising,live,„ÄêÂ§ß‰∏∏„Äë3/29 10ÈªûÂ•ß‰∏ÅÈñãÊúç ‰ªäÂ§©Ë™≤ÈáëÁµï‰∏ç‰∏äÈ†≠„ÄÇ‰º∫ÊúçÂô®Â•ß‰∏Å8,2438,2022-03-29T01:30:42Z,zh,https://static-cdn.jtvnw.net/previews-ttv/live_user_wtf_winds123-{width}x{height}.jpg,['74c92063-a389-4fd2-8460-b1bb82b04ec7'],False,299759,59536718
40668488299,76020989,joeykaotyk,JOEYKAOTYK,509658,Just Chatting,live,"Thailand, BKK | I'M BACK! ‚Ä¢ !yt ‚Ä¢ !dc ‚Ä¢ !socials !project20",2394,2022-03-29T03:54:28Z,en,https://static-cdn.jtvnw.net/previews-ttv/live_user_joeykaotyk-{width}x{height}.jpg,"['89e105c9-2c45-42a9-a5f0-fc1ea6e7ba8b', 'a6ff589a-33e5-4caf-8286-29dea98fc2e2', '5f0c32b8-2bdf-47e2-ae63-9abc2fe61776', '5f399c46-3d61-421e-94ae-1b4ef87e47b7', 'ca25aef4-1626-40ae-ae7e-7cccb13c1988', '6ea6bca4-4712-4ab9-a906-e3336a9d8039']",False,107428,12411493
46004340093,42848761,tranth,ÏûêÎèô,493125,My Summer Car,live,Ïûê Ïç∏ Ïπ¥,2334,2022-03-29T06:02:33Z,ko,https://static-cdn.jtvnw.net/previews-ttv/live_user_tranth-{width}x{height}.jpg,['ab2975e3-b9ca-4b1a-a93e-fb61a5d5c3a4'],True,88415,19614889
45088321628,28585164,mynthos,Mynthos,1311010677,Planet Crafter,live,‚≠ïLA FIN DU TERRAFORMING?? !nordvpn,2310,2022-03-29T07:29:31Z,fr,https://static-cdn.jtvnw.net/previews-ttv/live_user_mynthos-{width}x{height}.jpg,['6f655045-9989-4ef7-8f85-1edcec42d648'],True,145617,9874343
46004357629,20508512,calebhart42,Calebhart42,512953,Elden Ring,live,Elden Ring All Remembrances Speedruns  | !apexpc | @calebhart42 IG/Twitter,2290,2022-03-29T06:06:33Z,en,https://static-cdn.jtvnw.net/previews-ttv/live_user_calebhart42-{width}x{height}.jpg,['6ea6bca4-4712-4ab9-a906-e3336a9d8039'],False,201249,22915270
45996753741,31239503,esl_csgo,ESL_CSGO,32399,Counter-Strike: Global Offensive,live,RERUN: Players vs. Movistar Riders - Map 1 [Inferno] - ESL Pro League Season 15 - Group C,2271,2022-03-28T14:26:46Z,en,https://static-cdn.jtvnw.net/previews-ttv/live_user_esl_csgo-{width}x{height}.jpg,"['36a89a80-4fcd-4b74-b3d2-2c6fd9b30c95', '6ea6bca4-4712-4ab9-a906-e3336a9d8039']",False,5312645,744474065
45079514124,20478262,teamliquid,TeamLiquid,18122,World of Warcraft,live,Race to World First - Day 20 - !happening !charity !points !max,2249,2022-03-28T03:00:09Z,en,https://static-cdn.jtvnw.net/previews-ttv/live_user_teamliquid-{width}x{height}.jpg,"['b13ce7d5-d513-49ff-a957-76f193df42aa', '6ea6bca4-4712-4ab9-a906-e3336a9d8039']",False,157379,17374875
40668739099,110892046,ranger,Ranger,33214,Fortnite,live,#1 Crown Wins Worldwide,2222,2022-03-29T06:05:59Z,en,https://static-cdn.jtvnw.net/previews-ttv/live_user_ranger-{width}x{height}.jpg,['6ea6bca4-4712-4ab9-a906-e3336a9d8039'],False,873939,10827476
46004226413,123355356,killin9hit,Killin9Hit,511224,Apex Legends,live,[Drops ON]„Çª„É≥„ÉÅ„Éç„É´„ÅÆ„Çà„ÅÜ„Å™Áî∑„Å´„Å™„Çä„Åü„ÅÑ,2210,2022-03-29T05:38:50Z,ja,https://static-cdn.jtvnw.net/previews-ttv/live_user_killin9hit-{width}x{height}.jpg,"['6ba1d230-e52f-4d81-b1e0-41f25a8a9f5d', 'c2542d6d-cd10-4532-919b-3d19f30a768b']",False,141883,8471156
39609794745,213749122,dota2mc,dota2mc,29595,Dota 2,live,RNG vs LBZS(0-0) bo3 DPC CN 2021/2022 Tour 2: Division l,2206,2022-03-29T07:08:46Z,ru,https://static-cdn.jtvnw.net/previews-ttv/live_user_dota2mc-{width}x{height}.jpg,"['36a89a80-4fcd-4b74-b3d2-2c6fd9b30c95', '0569b171-2a2b-476e-a596-5bdfb45a1327']",False,671553,198318201
45087949644,21390470,singsing,singsing,1318043161,Tiny Tina's Wonderlands,live,chill all side quest play through,2203,2022-03-29T04:45:31Z,en,https://static-cdn.jtvnw.net/previews-ttv/live_user_singsing-{width}x{height}.jpg,"['6ea6bca4-4712-4ab9-a906-e3336a9d8039', '69318d09-f132-4853-b4b6-09a0580f7092']",True,617789,100243791
45088423276,43102846,shaunz,Shaunz,509658,Just Chatting,live,AEGIS SHAUNZ - ON EST AUX WORLDS ! üî•  !aegis !oeufs,2199,2022-03-29T08:12:18Z,fr,https://static-cdn.jtvnw.net/previews-ttv/live_user_shaunz-{width}x{height}.jpg,['6f655045-9989-4ef7-8f85-1edcec42d648'],False,235799,31757677
45088134508,402991688,classybeef,ClassyBeef,498566,Slots,live,"üî• GETTING MAX WINS TODAY! üî• !Connect for $200,000 monthly giveaways! | !Tournament for $50,000 Slot Tournament | DISCORD.GG/CLASSYBEEF",2152,2022-03-29T06:01:48Z,en,https://static-cdn.jtvnw.net/previews-ttv/live_user_classybeef-{width}x{height}.jpg,['6ea6bca4-4712-4ab9-a906-e3336a9d8039'],True,230418,20335415
45088446268,10386664,limmy,Limmy,509511,Marbles On Stream,live,"Difficult Shapes & Passive Rhythms, Some People Think It's Fun to Entertain",2147,2022-03-29T08:21:05Z,en,https://static-cdn.jtvnw.net/previews-ttv/live_user_limmy-{width}x{height}.jpg,"['6ea6bca4-4712-4ab9-a906-e3336a9d8039', 'f5e42c79-41cd-44df-a8dd-6c7897694841', 'afc8211a-8eee-48b8-9e18-212f22f657db', 'f8100026-2be8-46cd-9ed6-b92904e47898', 'adc4a830-07f5-457b-95e5-5ab6cc1f9af3']",True,413492,9997014
46003176061,107536229,aurateur,Aurateur,496321134,Kirby and the Forgotten Land,live,Kirby and the Forgotten Land,2138,2022-03-29T03:04:39Z,en,https://static-cdn.jtvnw.net/previews-ttv/live_user_aurateur-{width}x{height}.jpg,['6ea6bca4-4712-4ab9-a906-e3336a9d8039'],True,156925,14597329
46004141293,74505272,keanelol,keanelol,513143,Teamfight Tactics,live,TSM FTX Keane | climbing OCE server !blitz !yt,2112,2022-03-29T05:21:55Z,en,https://static-cdn.jtvnw.net/previews-ttv/live_user_keanelol-{width}x{height}.jpg,['6ea6bca4-4712-4ab9-a906-e3336a9d8039'],False,224874,11431892
45088418188,412114748,thejrm_,TheJRM_,491487,Dead by Daylight,live,Am I on the hook? !Steel,2107,2022-03-29T08:10:16Z,en,https://static-cdn.jtvnw.net/previews-ttv/live_user_thejrm_-{width}x{height}.jpg,"['6ea6bca4-4712-4ab9-a906-e3336a9d8039', '2193eee1-b8f0-43bd-a6d9-dba8a67528a1']",False,240271,3300583
45088009772,108005221,dizzy,dizzy,516575,VALORANT,live,"a precise, competitive FPS in which unique character abilities create opportunities for your gunplay to shine.",2103,2022-03-29T05:05:30Z,en,https://static-cdn.jtvnw.net/previews-ttv/live_user_dizzy-{width}x{height}.jpg,['6ea6bca4-4712-4ab9-a906-e3336a9d8039'],True,866731,20351898
45078940732,57292293,ratirl,RATIRL,498592,I'm Only Sleeping,live,Asleep PotUNCAPPED day 6 Subathon  1sub=50sec  [Ratuber]  :smirkface:  ü•©üç∏,2074,2022-03-28T01:09:03Z,en,https://static-cdn.jtvnw.net/previews-ttv/live_user_ratirl-{width}x{height}.jpg,"['52d7e4cc-633d-46f5-818c-bb59102d9549', '6ea6bca4-4712-4ab9-a906-e3336a9d8039']",True,706564,45389979
46004460797,710162853,ubratishek,ubratishek,29452,Virtual Casino,live,!50 = 50 –Ω–∞ 50 / –†–æ–∑—ã–≥—Ä—ã—à–∏ –≤ !tg / –î–µ–ø 100–∫ / –ú–∏–Ω –¥–æ–Ω–∞—Ç 1500—Ä—É–±!,2071,2022-03-29T06:30:25Z,ru,https://static-cdn.jtvnw.net/previews-ttv/live_user_ubratishek-{width}x{height}.jpg,"['0569b171-2a2b-476e-a596-5bdfb45a1327', 'eeea68da-c4b8-4268-b17a-eb0f30286843', '6a0c6ea2-84eb-42b1-a8bb-59fd684bfe1a', 'f4b7fa12-9f16-439f-a6b9-87efe9ecf3ba', 'ac763b17-7bea-4632-9eb4-d106689ff409']",False,19011,540110
45088429228,12665,sco,Sco,18122,World of Warcraft,live,<Method> RWF 10/11 MYTHIC !splits !youtube,2070,2022-03-29T08:14:42Z,en,https://static-cdn.jtvnw.net/previews-ttv/live_user_sco-{width}x{height}.jpg,['6ea6bca4-4712-4ab9-a906-e3336a9d8039'],False,383804,66942558
46002938637,77553266,momochoco,momochoco,488615,Street Fighter V,live,Ë™øÊï¥„Åç„Åü„Åû„ÉºÔºÅ,2065,2022-03-29T02:38:27Z,ja,https://static-cdn.jtvnw.net/previews-ttv/live_user_momochoco-{width}x{height}.jpg,"['6ba1d230-e52f-4d81-b1e0-41f25a8a9f5d', 'f588bd74-e496-4d11-9169-3597f38a5d25', '1eba3cfe-51cc-460a-8259-bc8bb987f904', 'f4b7fa12-9f16-439f-a6b9-87efe9ecf3ba']",False,83421,12417634
46003184333,151249156,portialyn,Ìè¨ÏÖî,138585,Hearthstone,live,Ïö∞Ï£º Í∞ìÍ≤ú,2059,2022-03-29T03:05:35Z,ko,https://static-cdn.jtvnw.net/previews-ttv/live_user_portialyn-{width}x{height}.jpg,"['ab2975e3-b9ca-4b1a-a93e-fb61a5d5c3a4', 'b157e8d6-b7ba-49f4-836f-09886c072f1f']",False,82475,11970543
45087787868,22588033,sjow,Sjow,138585,Hearthstone,live,14.1k start Battlegrounds climb,2046,2022-03-29T03:53:22Z,en,https://static-cdn.jtvnw.net/previews-ttv/live_user_sjow-{width}x{height}.jpg,"['6ea6bca4-4712-4ab9-a906-e3336a9d8039', 'b157e8d6-b7ba-49f4-836f-09886c072f1f']",False,243064,36416468
46002454669,47250099,xargon0731,ÊÆ∫Ê¢ó,517767,Odin: Valhalla Rising,live,3/29 ÂíåÂπæÂÄãÊúãÂèãÈÉΩÂú® Â•ß‰∏Å07 !Â•ß‰∏Å !ÁõüÂèã,2043,2022-03-29T01:51:01Z,zh,https://static-cdn.jtvnw.net/previews-ttv/live_user_xargon0731-{width}x{height}.jpg,['74c92063-a389-4fd2-8460-b1bb82b04ec7'],False,317790,114920980
40668620587,89306710,boomburapa,BOOMBURAPA,516575,VALORANT,live,‡πÄ‡∏£‡πÄ‡∏î‡∏µ‡πâ‡∏¢‡∏ô‡πÄ‡∏û‡∏•‡πÄ‡∏¢‡∏≠ ‡πÑ‡∏≠‡∏ö‡∏±‡∏™‡∏≠‡∏¢‡∏π‡πà Z11 !‡∏ã‡πâ‡∏≠‡∏°‡∏ó‡∏µ‡∏° / IG: boomburapano1 !page !loga,2016,2022-03-29T05:00:43Z,th,https://static-cdn.jtvnw.net/previews-ttv/live_user_boomburapa-{width}x{height}.jpg,['f19c7524-c18d-41af-9f39-034c8d0b0fee'],False,71634,4595416
46004812221,86131599,lol_nemesis,lol_nemesis,21779,League of Legends,live,KR SoloQ morning stream // !mobalytics !nord,2005,2022-03-29T08:06:28Z,en,https://static-cdn.jtvnw.net/previews-ttv/live_user_lol_nemesis-{width}x{height}.jpg,['6ea6bca4-4712-4ab9-a906-e3336a9d8039'],False,564168,29055548
40668713291,38158532,drainys,Drainys,509658,Just Chatting,live,–ß–∏–ª–ª l –ù–µ–∫—Å—Ç –ø–æ–µ–∑–¥–∫–∞ –≤ –£–õ–£–í–ê–¢–£ (–∑–∞–≤—Ç—Ä–∞-–ø–æ—Å–ª–µ–∑–∞–≤—Ç—Ä–∞) ll –ü—Ä–∏ –ø–æ–¥–¥–µ—Ä–∂–∫–µ Unique,2001,2022-03-29T05:52:21Z,ru,https://static-cdn.jtvnw.net/previews-ttv/live_user_drainys-{width}x{height}.jpg,['0569b171-2a2b-476e-a596-5bdfb45a1327'],False,230782,29022522
46004869117,635008574,myakkomyako,„Åø„ÇÉ„Åì„Å†„Çà„Éº,509658,Just Chatting,live,Èõë,1985,2022-03-29T08:23:45Z,ja,https://static-cdn.jtvnw.net/previews-ttv/live_user_myakkomyako-{width}x{height}.jpg,['6ba1d230-e52f-4d81-b1e0-41f25a8a9f5d'],False,11167,14172
46004118077,77572678,unrealyuki,UnrealYuki,512953,Elden Ring,live,UnrealYuki - Only for the Faithful [First playthrough],1985,2022-03-29T05:17:32Z,en,https://static-cdn.jtvnw.net/previews-ttv/live_user_unrealyuki-{width}x{height}.jpg,"['db2a18b3-3800-4949-9454-4ef1851b9895', '6606e54c-f92d-40f6-8257-74977889ccdd', '6ea6bca4-4712-4ab9-a906-e3336a9d8039', '74204ae8-61d6-410c-b9a4-1207654b17ad', '723836c5-8e00-43de-97c5-0fc64308d159']",False,71183,24433726
39609810345,63304572,glorious_e,Glorious_E,491931,Escape from Tarkov,live,Killing and Chilling - !Charity Tarkov time | !NewPC | !WWW |  | NEW !MERCH |  | !Health | !Snap | !Socials |,1925,2022-03-29T07:22:18Z,en,https://static-cdn.jtvnw.net/previews-ttv/live_user_glorious_e-{width}x{height}.jpg,['6ea6bca4-4712-4ab9-a906-e3336a9d8039'],True,156594,7052466
46002006653,62595539,realzbluewater,RealzBlueWater,512980,Fall Guys: Ultimate Knockout,live,üî¥Rebroadcast Event SUB MODE! ( üëÅÔ∏è ‚è• üëÅÔ∏è ) CHANNEL POINTS = $$$ (See Channel Point Rewards) !redeem !points ·Éö(o‚ó°o·Éö),1903,2022-03-29T01:06:07Z,en,https://static-cdn.jtvnw.net/previews-ttv/live_user_realzbluewater-{width}x{height}.jpg,"['6ea6bca4-4712-4ab9-a906-e3336a9d8039', '6606e54c-f92d-40f6-8257-74977889ccdd', 'ac763b17-7bea-4632-9eb4-d106689ff409', 'd47ba636-e313-4887-ad18-237ef81a5161', '0cb7e377-a308-44e8-91f7-07eea1d96129']",False,57713,374601
40668734363,60198919,ash,ash,32982,Grand Theft Auto V,live,Ash Ketchup ‘Ö(ÀÜ ‚å£ ÀÜ ‘Ö) ‚ô° !youtooz ‚ô° !merch ‚ô° !nord,1901,2022-03-29T06:03:23Z,en,https://static-cdn.jtvnw.net/previews-ttv/live_user_ash-{width}x{height}.jpg,"['6ea6bca4-4712-4ab9-a906-e3336a9d8039', '0cb7e377-a308-44e8-91f7-07eea1d96129', '52d7e4cc-633d-46f5-818c-bb59102d9549']",False,684282,17398323
46002529885,137881582,111roentgenium,Î¢¥Ìä∏Í≤åÎäÑ111,519103,PowerWash Simulator,live,Î¨ºÏ≤≠ÏÜå,1890,2022-03-29T01:57:27Z,ko,https://static-cdn.jtvnw.net/previews-ttv/live_user_111roentgenium-{width}x{height}.jpg,['ab2975e3-b9ca-4b1a-a93e-fb61a5d5c3a4'],False,61135,1750042
